solid axon.stl
facet normal -0.077138 -0.011091 0.000000
  outer loop
    vertex 48.259998 -89.779999 0.259999
    vertex 48.259998 -89.779999 0.999999
    vertex 48.245010 -89.675758 0.999999
  endloop
endfacet
facet normal -0.077138 -0.011091 0.000000
  outer loop
    vertex 48.259998 -89.779999 0.259999
    vertex 48.245010 -89.675758 0.999999
    vertex 48.245010 -89.675758 0.259999
  endloop
endfacet
facet normal -0.070888 -0.032373 0.000000
  outer loop
    vertex 48.245010 -89.675758 0.259999
    vertex 48.245010 -89.675758 0.999999
    vertex 48.201263 -89.579964 0.999999
  endloop
endfacet
facet normal -0.070888 -0.032373 0.000000
  outer loop
    vertex 48.245010 -89.675758 0.259999
    vertex 48.201263 -89.579964 0.999999
    vertex 48.201263 -89.579964 0.259999
  endloop
endfacet
facet normal -0.058896 -0.051035 0.000000
  outer loop
    vertex 48.201263 -89.579964 0.259999
    vertex 48.201263 -89.579964 0.999999
    vertex 48.132298 -89.500374 0.999999
  endloop
endfacet
facet normal -0.058896 -0.051035 0.000000
  outer loop
    vertex 48.201263 -89.579964 0.259999
    vertex 48.132298 -89.500374 0.999999
    vertex 48.132298 -89.500374 0.259999
  endloop
endfacet
facet normal -0.042134 -0.065561 0.000000
  outer loop
    vertex 48.132298 -89.500374 0.259999
    vertex 48.132298 -89.500374 0.999999
    vertex 48.043701 -89.443436 0.999999
  endloop
endfacet
facet normal -0.042134 -0.065561 0.000000
  outer loop
    vertex 48.132298 -89.500374 0.259999
    vertex 48.043701 -89.443436 0.999999
    vertex 48.043701 -89.443436 0.259999
  endloop
endfacet
facet normal -0.021956 -0.074772 0.000000
  outer loop
    vertex 48.043701 -89.443436 0.259999
    vertex 48.043701 -89.443436 0.999999
    vertex 47.942657 -89.413765 0.999999
  endloop
endfacet
facet normal -0.021956 -0.074772 0.000000
  outer loop
    vertex 48.043701 -89.443436 0.259999
    vertex 47.942657 -89.413765 0.999999
    vertex 47.942657 -89.413765 0.259999
  endloop
endfacet
facet normal 0.000000 -0.077934 0.000000
  outer loop
    vertex 47.942657 -89.413765 0.259999
    vertex 47.942657 -89.413765 0.999999
    vertex 47.837341 -89.413765 0.999999
  endloop
endfacet
facet normal 0.000000 -0.077934 0.000000
  outer loop
    vertex 47.942657 -89.413765 0.259999
    vertex 47.837341 -89.413765 0.999999
    vertex 47.837341 -89.413765 0.259999
  endloop
endfacet
facet normal 0.021956 -0.074772 0.000000
  outer loop
    vertex 47.837341 -89.413765 0.259999
    vertex 47.837341 -89.413765 0.999999
    vertex 47.736298 -89.443436 0.999999
  endloop
endfacet
facet normal 0.021956 -0.074772 0.000000
  outer loop
    vertex 47.837341 -89.413765 0.259999
    vertex 47.736298 -89.443436 0.999999
    vertex 47.736298 -89.443436 0.259999
  endloop
endfacet
facet normal 0.042134 -0.065561 0.000000
  outer loop
    vertex 47.736298 -89.443436 0.259999
    vertex 47.736298 -89.443436 0.999999
    vertex 47.647701 -89.500374 0.999999
  endloop
endfacet
facet normal 0.042134 -0.065561 0.000000
  outer loop
    vertex 47.736298 -89.443436 0.259999
    vertex 47.647701 -89.500374 0.999999
    vertex 47.647701 -89.500374 0.259999
  endloop
endfacet
facet normal 0.058896 -0.051035 0.000000
  outer loop
    vertex 47.647701 -89.500374 0.259999
    vertex 47.647701 -89.500374 0.999999
    vertex 47.578735 -89.579964 0.999999
  endloop
endfacet
facet normal 0.058896 -0.051035 0.000000
  outer loop
    vertex 47.647701 -89.500374 0.259999
    vertex 47.578735 -89.579964 0.999999
    vertex 47.578735 -89.579964 0.259999
  endloop
endfacet
facet normal 0.070888 -0.032373 0.000000
  outer loop
    vertex 47.578735 -89.579964 0.259999
    vertex 47.578735 -89.579964 0.999999
    vertex 47.534988 -89.675758 0.999999
  endloop
endfacet
facet normal 0.070888 -0.032373 0.000000
  outer loop
    vertex 47.578735 -89.579964 0.259999
    vertex 47.534988 -89.675758 0.999999
    vertex 47.534988 -89.675758 0.259999
  endloop
endfacet
facet normal 0.077138 -0.011091 0.000000
  outer loop
    vertex 47.534988 -89.675758 0.259999
    vertex 47.534988 -89.675758 0.999999
    vertex 47.520000 -89.779999 0.999999
  endloop
endfacet
facet normal 0.077138 -0.011091 0.000000
  outer loop
    vertex 47.534988 -89.675758 0.259999
    vertex 47.520000 -89.779999 0.999999
    vertex 47.520000 -89.779999 0.259999
  endloop
endfacet
facet normal 0.077138 0.011091 -0.000000
  outer loop
    vertex 47.520000 -89.779999 0.259999
    vertex 47.520000 -89.779999 0.999999
    vertex 47.534988 -89.884239 0.999999
  endloop
endfacet
facet normal 0.077138 0.011091 0.000000
  outer loop
    vertex 47.520000 -89.779999 0.259999
    vertex 47.534988 -89.884239 0.999999
    vertex 47.534988 -89.884239 0.259999
  endloop
endfacet
facet normal 0.070888 0.032373 -0.000000
  outer loop
    vertex 47.534988 -89.884239 0.259999
    vertex 47.534988 -89.884239 0.999999
    vertex 47.578735 -89.980034 0.999999
  endloop
endfacet
facet normal 0.070888 0.032373 0.000000
  outer loop
    vertex 47.534988 -89.884239 0.259999
    vertex 47.578735 -89.980034 0.999999
    vertex 47.578735 -89.980034 0.259999
  endloop
endfacet
facet normal 0.058896 0.051035 -0.000000
  outer loop
    vertex 47.578735 -89.980034 0.259999
    vertex 47.578735 -89.980034 0.999999
    vertex 47.647701 -90.059624 0.999999
  endloop
endfacet
facet normal 0.058896 0.051035 0.000000
  outer loop
    vertex 47.578735 -89.980034 0.259999
    vertex 47.647701 -90.059624 0.999999
    vertex 47.647701 -90.059624 0.259999
  endloop
endfacet
facet normal 0.042134 0.065561 -0.000000
  outer loop
    vertex 47.647701 -90.059624 0.259999
    vertex 47.647701 -90.059624 0.999999
    vertex 47.736298 -90.116562 0.999999
  endloop
endfacet
facet normal 0.042134 0.065561 0.000000
  outer loop
    vertex 47.647701 -90.059624 0.259999
    vertex 47.736298 -90.116562 0.999999
    vertex 47.736298 -90.116562 0.259999
  endloop
endfacet
facet normal 0.021956 0.074772 -0.000000
  outer loop
    vertex 47.736298 -90.116562 0.259999
    vertex 47.736298 -90.116562 0.999999
    vertex 47.837341 -90.146233 0.999999
  endloop
endfacet
facet normal 0.021956 0.074772 0.000000
  outer loop
    vertex 47.736298 -90.116562 0.259999
    vertex 47.837341 -90.146233 0.999999
    vertex 47.837341 -90.146233 0.259999
  endloop
endfacet
facet normal 0.000000 0.077934 0.000000
  outer loop
    vertex 47.837341 -90.146233 0.259999
    vertex 47.837341 -90.146233 0.999999
    vertex 47.942657 -90.146233 0.999999
  endloop
endfacet
facet normal 0.000000 0.077934 0.000000
  outer loop
    vertex 47.837341 -90.146233 0.259999
    vertex 47.942657 -90.146233 0.999999
    vertex 47.942657 -90.146233 0.259999
  endloop
endfacet
facet normal -0.021956 0.074772 0.000000
  outer loop
    vertex 47.942657 -90.146233 0.259999
    vertex 47.942657 -90.146233 0.999999
    vertex 48.043701 -90.116562 0.999999
  endloop
endfacet
facet normal -0.021956 0.074772 0.000000
  outer loop
    vertex 47.942657 -90.146233 0.259999
    vertex 48.043701 -90.116562 0.999999
    vertex 48.043701 -90.116562 0.259999
  endloop
endfacet
facet normal -0.042134 0.065561 0.000000
  outer loop
    vertex 48.043701 -90.116562 0.259999
    vertex 48.043701 -90.116562 0.999999
    vertex 48.132298 -90.059624 0.999999
  endloop
endfacet
facet normal -0.042134 0.065561 0.000000
  outer loop
    vertex 48.043701 -90.116562 0.259999
    vertex 48.132298 -90.059624 0.999999
    vertex 48.132298 -90.059624 0.259999
  endloop
endfacet
facet normal -0.058896 0.051035 0.000000
  outer loop
    vertex 48.132298 -90.059624 0.259999
    vertex 48.132298 -90.059624 0.999999
    vertex 48.201263 -89.980034 0.999999
  endloop
endfacet
facet normal -0.058896 0.051035 0.000000
  outer loop
    vertex 48.132298 -90.059624 0.259999
    vertex 48.201263 -89.980034 0.999999
    vertex 48.201263 -89.980034 0.259999
  endloop
endfacet
facet normal -0.070888 0.032373 0.000000
  outer loop
    vertex 48.201263 -89.980034 0.259999
    vertex 48.201263 -89.980034 0.999999
    vertex 48.245010 -89.884239 0.999999
  endloop
endfacet
facet normal -0.070888 0.032373 0.000000
  outer loop
    vertex 48.201263 -89.980034 0.259999
    vertex 48.245010 -89.884239 0.999999
    vertex 48.245010 -89.884239 0.259999
  endloop
endfacet
facet normal -0.077138 0.011091 0.000000
  outer loop
    vertex 48.245010 -89.884239 0.259999
    vertex 48.245010 -89.884239 0.999999
    vertex 48.259998 -89.779999 0.999999
  endloop
endfacet
facet normal -0.077138 0.011091 0.000000
  outer loop
    vertex 48.245010 -89.884239 0.259999
    vertex 48.259998 -89.779999 0.999999
    vertex 48.259998 -89.779999 0.259999
  endloop
endfacet
facet normal 0.000000 0.000000 0.000000
  outer loop
    vertex 48.259998 -89.779999 0.259999
    vertex 48.259998 -89.779999 0.999999
    vertex 48.259998 -89.779999 0.999999
  endloop
endfacet
facet normal 0.000000 0.000000 0.000000
  outer loop
    vertex 48.259998 -89.779999 0.259999
    vertex 48.259998 -89.779999 0.999999
    vertex 48.259998 -89.779999 0.259999
  endloop
endfacet
facet normal 0.000000 0.000000 0.038569
  outer loop
    vertex 47.889999 -89.779999 0.259999
    vertex 48.259998 -89.779999 0.259999
    vertex 48.245010 -89.675758 0.259999
  endloop
endfacet
facet normal 0.000000 0.000000 -0.038569
  outer loop
    vertex 47.889999 -89.779999 0.999999
    vertex 48.245010 -89.675758 0.999999
    vertex 48.259998 -89.779999 0.999999
  endloop
endfacet
facet normal 0.000000 0.000000 0.038568
  outer loop
    vertex 47.889999 -89.779999 0.259999
    vertex 48.245010 -89.675758 0.259999
    vertex 48.201263 -89.579964 0.259999
  endloop
endfacet
facet normal 0.000000 0.000000 -0.038568
  outer loop
    vertex 47.889999 -89.779999 0.999999
    vertex 48.201263 -89.579964 0.999999
    vertex 48.245010 -89.675758 0.999999
  endloop
endfacet
facet normal 0.000000 0.000000 0.038569
  outer loop
    vertex 47.889999 -89.779999 0.259999
    vertex 48.201263 -89.579964 0.259999
    vertex 48.132298 -89.500374 0.259999
  endloop
endfacet
facet normal 0.000000 0.000000 -0.038569
  outer loop
    vertex 47.889999 -89.779999 0.999999
    vertex 48.132298 -89.500374 0.999999
    vertex 48.201263 -89.579964 0.999999
  endloop
endfacet
facet normal 0.000000 0.000000 0.038570
  outer loop
    vertex 47.889999 -89.779999 0.259999
    vertex 48.132298 -89.500374 0.259999
    vertex 48.043701 -89.443436 0.259999
  endloop
endfacet
facet normal 0.000000 0.000000 -0.038570
  outer loop
    vertex 47.889999 -89.779999 0.999999
    vertex 48.043701 -89.443436 0.999999
    vertex 48.132298 -89.500374 0.999999
  endloop
endfacet
facet normal 0.000000 0.000000 0.038568
  outer loop
    vertex 47.889999 -89.779999 0.259999
    vertex 48.043701 -89.443436 0.259999
    vertex 47.942657 -89.413765 0.259999
  endloop
endfacet
facet normal 0.000000 0.000000 -0.038568
  outer loop
    vertex 47.889999 -89.779999 0.999999
    vertex 47.942657 -89.413765 0.999999
    vertex 48.043701 -89.443436 0.999999
  endloop
endfacet
facet normal 0.000000 -0.000000 0.038570
  outer loop
    vertex 47.889999 -89.779999 0.259999
    vertex 47.942657 -89.413765 0.259999
    vertex 47.837341 -89.413765 0.259999
  endloop
endfacet
facet normal 0.000000 0.000000 -0.038570
  outer loop
    vertex 47.889999 -89.779999 0.999999
    vertex 47.837341 -89.413765 0.999999
    vertex 47.942657 -89.413765 0.999999
  endloop
endfacet
facet normal 0.000000 0.000000 0.038568
  outer loop
    vertex 47.889999 -89.779999 0.259999
    vertex 47.837341 -89.413765 0.259999
    vertex 47.736298 -89.443436 0.259999
  endloop
endfacet
facet normal 0.000000 0.000000 -0.038568
  outer loop
    vertex 47.889999 -89.779999 0.999999
    vertex 47.736298 -89.443436 0.999999
    vertex 47.837341 -89.413765 0.999999
  endloop
endfacet
facet normal 0.000000 0.000000 0.038570
  outer loop
    vertex 47.889999 -89.779999 0.259999
    vertex 47.736298 -89.443436 0.259999
    vertex 47.647701 -89.500374 0.259999
  endloop
endfacet
facet normal 0.000000 0.000000 -0.038570
  outer loop
    vertex 47.889999 -89.779999 0.999999
    vertex 47.647701 -89.500374 0.999999
    vertex 47.736298 -89.443436 0.999999
  endloop
endfacet
facet normal 0.000000 0.000000 0.038569
  outer loop
    vertex 47.889999 -89.779999 0.259999
    vertex 47.647701 -89.500374 0.259999
    vertex 47.578735 -89.579964 0.259999
  endloop
endfacet
facet normal 0.000000 0.000000 -0.038569
  outer loop
    vertex 47.889999 -89.779999 0.999999
    vertex 47.578735 -89.579964 0.999999
    vertex 47.647701 -89.500374 0.999999
  endloop
endfacet
facet normal 0.000000 0.000000 0.038568
  outer loop
    vertex 47.889999 -89.779999 0.259999
    vertex 47.578735 -89.579964 0.259999
    vertex 47.534988 -89.675758 0.259999
  endloop
endfacet
facet normal 0.000000 0.000000 -0.038568
  outer loop
    vertex 47.889999 -89.779999 0.999999
    vertex 47.534988 -89.675758 0.999999
    vertex 47.578735 -89.579964 0.999999
  endloop
endfacet
facet normal 0.000000 0.000000 0.038569
  outer loop
    vertex 47.889999 -89.779999 0.259999
    vertex 47.534988 -89.675758 0.259999
    vertex 47.520000 -89.779999 0.259999
  endloop
endfacet
facet normal 0.000000 0.000000 -0.038569
  outer loop
    vertex 47.889999 -89.779999 0.999999
    vertex 47.520000 -89.779999 0.999999
    vertex 47.534988 -89.675758 0.999999
  endloop
endfacet
facet normal 0.000000 0.000000 0.038569
  outer loop
    vertex 47.889999 -89.779999 0.259999
    vertex 47.520000 -89.779999 0.259999
    vertex 47.534988 -89.884239 0.259999
  endloop
endfacet
facet normal -0.000000 0.000000 -0.038569
  outer loop
    vertex 47.889999 -89.779999 0.999999
    vertex 47.534988 -89.884239 0.999999
    vertex 47.520000 -89.779999 0.999999
  endloop
endfacet
facet normal 0.000000 0.000000 0.038568
  outer loop
    vertex 47.889999 -89.779999 0.259999
    vertex 47.534988 -89.884239 0.259999
    vertex 47.578735 -89.980034 0.259999
  endloop
endfacet
facet normal 0.000000 0.000000 -0.038568
  outer loop
    vertex 47.889999 -89.779999 0.999999
    vertex 47.578735 -89.980034 0.999999
    vertex 47.534988 -89.884239 0.999999
  endloop
endfacet
facet normal 0.000000 0.000000 0.038569
  outer loop
    vertex 47.889999 -89.779999 0.259999
    vertex 47.578735 -89.980034 0.259999
    vertex 47.647701 -90.059624 0.259999
  endloop
endfacet
facet normal 0.000000 0.000000 -0.038569
  outer loop
    vertex 47.889999 -89.779999 0.999999
    vertex 47.647701 -90.059624 0.999999
    vertex 47.578735 -89.980034 0.999999
  endloop
endfacet
facet normal 0.000000 0.000000 0.038570
  outer loop
    vertex 47.889999 -89.779999 0.259999
    vertex 47.647701 -90.059624 0.259999
    vertex 47.736298 -90.116562 0.259999
  endloop
endfacet
facet normal 0.000000 0.000000 -0.038570
  outer loop
    vertex 47.889999 -89.779999 0.999999
    vertex 47.736298 -90.116562 0.999999
    vertex 47.647701 -90.059624 0.999999
  endloop
endfacet
facet normal 0.000000 0.000000 0.038568
  outer loop
    vertex 47.889999 -89.779999 0.259999
    vertex 47.736298 -90.116562 0.259999
    vertex 47.837341 -90.146233 0.259999
  endloop
endfacet
facet normal 0.000000 0.000000 -0.038568
  outer loop
    vertex 47.889999 -89.779999 0.999999
    vertex 47.837341 -90.146233 0.999999
    vertex 47.736298 -90.116562 0.999999
  endloop
endfacet
facet normal 0.000000 0.000000 0.038570
  outer loop
    vertex 47.889999 -89.779999 0.259999
    vertex 47.837341 -90.146233 0.259999
    vertex 47.942657 -90.146233 0.259999
  endloop
endfacet
facet normal 0.000000 -0.000000 -0.038570
  outer loop
    vertex 47.889999 -89.779999 0.999999
    vertex 47.942657 -90.146233 0.999999
    vertex 47.837341 -90.146233 0.999999
  endloop
endfacet
facet normal 0.000000 0.000000 0.038568
  outer loop
    vertex 47.889999 -89.779999 0.259999
    vertex 47.942657 -90.146233 0.259999
    vertex 48.043701 -90.116562 0.259999
  endloop
endfacet
facet normal 0.000000 0.000000 -0.038568
  outer loop
    vertex 47.889999 -89.779999 0.999999
    vertex 48.043701 -90.116562 0.999999
    vertex 47.942657 -90.146233 0.999999
  endloop
endfacet
facet normal 0.000000 0.000000 0.038570
  outer loop
    vertex 47.889999 -89.779999 0.259999
    vertex 48.043701 -90.116562 0.259999
    vertex 48.132298 -90.059624 0.259999
  endloop
endfacet
facet normal 0.000000 0.000000 -0.038570
  outer loop
    vertex 47.889999 -89.779999 0.999999
    vertex 48.132298 -90.059624 0.999999
    vertex 48.043701 -90.116562 0.999999
  endloop
endfacet
facet normal 0.000000 0.000000 0.038569
  outer loop
    vertex 47.889999 -89.779999 0.259999
    vertex 48.132298 -90.059624 0.259999
    vertex 48.201263 -89.980034 0.259999
  endloop
endfacet
facet normal 0.000000 0.000000 -0.038569
  outer loop
    vertex 47.889999 -89.779999 0.999999
    vertex 48.201263 -89.980034 0.999999
    vertex 48.132298 -90.059624 0.999999
  endloop
endfacet
facet normal 0.000000 0.000000 0.038568
  outer loop
    vertex 47.889999 -89.779999 0.259999
    vertex 48.201263 -89.980034 0.259999
    vertex 48.245010 -89.884239 0.259999
  endloop
endfacet
facet normal 0.000000 0.000000 -0.038568
  outer loop
    vertex 47.889999 -89.779999 0.999999
    vertex 48.245010 -89.884239 0.999999
    vertex 48.201263 -89.980034 0.999999
  endloop
endfacet
facet normal -0.000000 0.000000 0.038569
  outer loop
    vertex 47.889999 -89.779999 0.259999
    vertex 48.245010 -89.884239 0.259999
    vertex 48.259998 -89.779999 0.259999
  endloop
endfacet
facet normal 0.000000 0.000000 -0.038569
  outer loop
    vertex 47.889999 -89.779999 0.999999
    vertex 48.259998 -89.779999 0.999999
    vertex 48.245010 -89.884239 0.999999
  endloop
endfacet
facet normal 0.000000 0.000000 0.000000
  outer loop
    vertex 47.889999 -89.779999 0.259999
    vertex 48.259998 -89.779999 0.259999
    vertex 48.259998 -89.779999 0.259999
  endloop
endfacet
facet normal 0.000000 0.000000 0.000000
  outer loop
    vertex 47.889999 -89.779999 0.999999
    vertex 48.259998 -89.779999 0.999999
    vertex 48.259998 -89.779999 0.999999
  endloop
endfacet
facet normal -0.077138 -0.011091 0.000000
  outer loop
    vertex 48.259998 -89.779999 0.259999
    vertex 48.259998 -89.779999 0.999999
    vertex 48.245010 -89.675758 0.999999
  endloop
endfacet
facet normal -0.077138 -0.011091 0.000000
  outer loop
    vertex 48.259998 -89.779999 0.259999
    vertex 48.245010 -89.675758 0.999999
    vertex 48.245010 -89.675758 0.259999
  endloop
endfacet
facet normal -0.070888 -0.032373 0.000000
  outer loop
    vertex 48.245010 -89.675758 0.259999
    vertex 48.245010 -89.675758 0.999999
    vertex 48.201263 -89.579964 0.999999
  endloop
endfacet
facet normal -0.070888 -0.032373 0.000000
  outer loop
    vertex 48.245010 -89.675758 0.259999
    vertex 48.201263 -89.579964 0.999999
    vertex 48.201263 -89.579964 0.259999
  endloop
endfacet
facet normal -0.058896 -0.051035 0.000000
  outer loop
    vertex 48.201263 -89.579964 0.259999
    vertex 48.201263 -89.579964 0.999999
    vertex 48.132298 -89.500374 0.999999
  endloop
endfacet
facet normal -0.058896 -0.051035 0.000000
  outer loop
    vertex 48.201263 -89.579964 0.259999
    vertex 48.132298 -89.500374 0.999999
    vertex 48.132298 -89.500374 0.259999
  endloop
endfacet
facet normal -0.042134 -0.065561 0.000000
  outer loop
    vertex 48.132298 -89.500374 0.259999
    vertex 48.132298 -89.500374 0.999999
    vertex 48.043701 -89.443436 0.999999
  endloop
endfacet
facet normal -0.042134 -0.065561 0.000000
  outer loop
    vertex 48.132298 -89.500374 0.259999
    vertex 48.043701 -89.443436 0.999999
    vertex 48.043701 -89.443436 0.259999
  endloop
endfacet
facet normal -0.021956 -0.074772 0.000000
  outer loop
    vertex 48.043701 -89.443436 0.259999
    vertex 48.043701 -89.443436 0.999999
    vertex 47.942657 -89.413765 0.999999
  endloop
endfacet
facet normal -0.021956 -0.074772 0.000000
  outer loop
    vertex 48.043701 -89.443436 0.259999
    vertex 47.942657 -89.413765 0.999999
    vertex 47.942657 -89.413765 0.259999
  endloop
endfacet
facet normal 0.000000 -0.077934 0.000000
  outer loop
    vertex 47.942657 -89.413765 0.259999
    vertex 47.942657 -89.413765 0.999999
    vertex 47.837341 -89.413765 0.999999
  endloop
endfacet
facet normal 0.000000 -0.077934 0.000000
  outer loop
    vertex 47.942657 -89.413765 0.259999
    vertex 47.837341 -89.413765 0.999999
    vertex 47.837341 -89.413765 0.259999
  endloop
endfacet
facet normal 0.021956 -0.074772 0.000000
  outer loop
    vertex 47.837341 -89.413765 0.259999
    vertex 47.837341 -89.413765 0.999999
    vertex 47.736298 -89.443436 0.999999
  endloop
endfacet
facet normal 0.021956 -0.074772 0.000000
  outer loop
    vertex 47.837341 -89.413765 0.259999
    vertex 47.736298 -89.443436 0.999999
    vertex 47.736298 -89.443436 0.259999
  endloop
endfacet
facet normal 0.042134 -0.065561 0.000000
  outer loop
    vertex 47.736298 -89.443436 0.259999
    vertex 47.736298 -89.443436 0.999999
    vertex 47.647701 -89.500374 0.999999
  endloop
endfacet
facet normal 0.042134 -0.065561 0.000000
  outer loop
    vertex 47.736298 -89.443436 0.259999
    vertex 47.647701 -89.500374 0.999999
    vertex 47.647701 -89.500374 0.259999
  endloop
endfacet
facet normal 0.058896 -0.051035 0.000000
  outer loop
    vertex 47.647701 -89.500374 0.259999
    vertex 47.647701 -89.500374 0.999999
    vertex 47.578735 -89.579964 0.999999
  endloop
endfacet
facet normal 0.058896 -0.051035 0.000000
  outer loop
    vertex 47.647701 -89.500374 0.259999
    vertex 47.578735 -89.579964 0.999999
    vertex 47.578735 -89.579964 0.259999
  endloop
endfacet
facet normal 0.070888 -0.032373 0.000000
  outer loop
    vertex 47.578735 -89.579964 0.259999
    vertex 47.578735 -89.579964 0.999999
    vertex 47.534988 -89.675758 0.999999
  endloop
endfacet
facet normal 0.070888 -0.032373 0.000000
  outer loop
    vertex 47.578735 -89.579964 0.259999
    vertex 47.534988 -89.675758 0.999999
    vertex 47.534988 -89.675758 0.259999
  endloop
endfacet
facet normal 0.077138 -0.011091 0.000000
  outer loop
    vertex 47.534988 -89.675758 0.259999
    vertex 47.534988 -89.675758 0.999999
    vertex 47.520000 -89.779999 0.999999
  endloop
endfacet
facet normal 0.077138 -0.011091 0.000000
  outer loop
    vertex 47.534988 -89.675758 0.259999
    vertex 47.520000 -89.779999 0.999999
    vertex 47.520000 -89.779999 0.259999
  endloop
endfacet
facet normal 0.077138 0.011091 -0.000000
  outer loop
    vertex 47.520000 -89.779999 0.259999
    vertex 47.520000 -89.779999 0.999999
    vertex 47.534988 -89.884239 0.999999
  endloop
endfacet
facet normal 0.077138 0.011091 0.000000
  outer loop
    vertex 47.520000 -89.779999 0.259999
    vertex 47.534988 -89.884239 0.999999
    vertex 47.534988 -89.884239 0.259999
  endloop
endfacet
facet normal 0.070888 0.032373 -0.000000
  outer loop
    vertex 47.534988 -89.884239 0.259999
    vertex 47.534988 -89.884239 0.999999
    vertex 47.578735 -89.980034 0.999999
  endloop
endfacet
facet normal 0.070888 0.032373 0.000000
  outer loop
    vertex 47.534988 -89.884239 0.259999
    vertex 47.578735 -89.980034 0.999999
    vertex 47.578735 -89.980034 0.259999
  endloop
endfacet
facet normal 0.058896 0.051035 -0.000000
  outer loop
    vertex 47.578735 -89.980034 0.259999
    vertex 47.578735 -89.980034 0.999999
    vertex 47.647701 -90.059624 0.999999
  endloop
endfacet
facet normal 0.058896 0.051035 0.000000
  outer loop
    vertex 47.578735 -89.980034 0.259999
    vertex 47.647701 -90.059624 0.999999
    vertex 47.647701 -90.059624 0.259999
  endloop
endfacet
facet normal 0.042134 0.065561 -0.000000
  outer loop
    vertex 47.647701 -90.059624 0.259999
    vertex 47.647701 -90.059624 0.999999
    vertex 47.736298 -90.116562 0.999999
  endloop
endfacet
facet normal 0.042134 0.065561 0.000000
  outer loop
    vertex 47.647701 -90.059624 0.259999
    vertex 47.736298 -90.116562 0.999999
    vertex 47.736298 -90.116562 0.259999
  endloop
endfacet
facet normal 0.021956 0.074772 -0.000000
  outer loop
    vertex 47.736298 -90.116562 0.259999
    vertex 47.736298 -90.116562 0.999999
    vertex 47.837341 -90.146233 0.999999
  endloop
endfacet
facet normal 0.021956 0.074772 0.000000
  outer loop
    vertex 47.736298 -90.116562 0.259999
    vertex 47.837341 -90.146233 0.999999
    vertex 47.837341 -90.146233 0.259999
  endloop
endfacet
facet normal 0.000000 0.077934 0.000000
  outer loop
    vertex 47.837341 -90.146233 0.259999
    vertex 47.837341 -90.146233 0.999999
    vertex 47.942657 -90.146233 0.999999
  endloop
endfacet
facet normal 0.000000 0.077934 0.000000
  outer loop
    vertex 47.837341 -90.146233 0.259999
    vertex 47.942657 -90.146233 0.999999
    vertex 47.942657 -90.146233 0.259999
  endloop
endfacet
facet normal -0.021956 0.074772 0.000000
  outer loop
    vertex 47.942657 -90.146233 0.259999
    vertex 47.942657 -90.146233 0.999999
    vertex 48.043701 -90.116562 0.999999
  endloop
endfacet
facet normal -0.021956 0.074772 0.000000
  outer loop
    vertex 47.942657 -90.146233 0.259999
    vertex 48.043701 -90.116562 0.999999
    vertex 48.043701 -90.116562 0.259999
  endloop
endfacet
facet normal -0.042134 0.065561 0.000000
  outer loop
    vertex 48.043701 -90.116562 0.259999
    vertex 48.043701 -90.116562 0.999999
    vertex 48.132298 -90.059624 0.999999
  endloop
endfacet
facet normal -0.042134 0.065561 0.000000
  outer loop
    vertex 48.043701 -90.116562 0.259999
    vertex 48.132298 -90.059624 0.999999
    vertex 48.132298 -90.059624 0.259999
  endloop
endfacet
facet normal -0.058896 0.051035 0.000000
  outer loop
    vertex 48.132298 -90.059624 0.259999
    vertex 48.132298 -90.059624 0.999999
    vertex 48.201263 -89.980034 0.999999
  endloop
endfacet
facet normal -0.058896 0.051035 0.000000
  outer loop
    vertex 48.132298 -90.059624 0.259999
    vertex 48.201263 -89.980034 0.999999
    vertex 48.201263 -89.980034 0.259999
  endloop
endfacet
facet normal -0.070888 0.032373 0.000000
  outer loop
    vertex 48.201263 -89.980034 0.259999
    vertex 48.201263 -89.980034 0.999999
    vertex 48.245010 -89.884239 0.999999
  endloop
endfacet
facet normal -0.070888 0.032373 0.000000
  outer loop
    vertex 48.201263 -89.980034 0.259999
    vertex 48.245010 -89.884239 0.999999
    vertex 48.245010 -89.884239 0.259999
  endloop
endfacet
facet normal -0.077138 0.011091 0.000000
  outer loop
    vertex 48.245010 -89.884239 0.259999
    vertex 48.245010 -89.884239 0.999999
    vertex 48.259998 -89.779999 0.999999
  endloop
endfacet
facet normal -0.077138 0.011091 0.000000
  outer loop
    vertex 48.245010 -89.884239 0.259999
    vertex 48.259998 -89.779999 0.999999
    vertex 48.259998 -89.779999 0.259999
  endloop
endfacet
facet normal 0.000000 0.000000 0.000000
  outer loop
    vertex 48.259998 -89.779999 0.259999
    vertex 48.259998 -89.779999 0.999999
    vertex 48.259998 -89.779999 0.999999
  endloop
endfacet
facet normal 0.000000 0.000000 0.000000
  outer loop
    vertex 48.259998 -89.779999 0.259999
    vertex 48.259998 -89.779999 0.999999
    vertex 48.259998 -89.779999 0.259999
  endloop
endfacet
facet normal 0.000000 0.000000 0.038569
  outer loop
    vertex 47.889999 -89.779999 0.259999
    vertex 48.259998 -89.779999 0.259999
    vertex 48.245010 -89.675758 0.259999
  endloop
endfacet
facet normal 0.000000 0.000000 -0.038569
  outer loop
    vertex 47.889999 -89.779999 0.999999
    vertex 48.245010 -89.675758 0.999999
    vertex 48.259998 -89.779999 0.999999
  endloop
endfacet
facet normal 0.000000 0.000000 0.038568
  outer loop
    vertex 47.889999 -89.779999 0.259999
    vertex 48.245010 -89.675758 0.259999
    vertex 48.201263 -89.579964 0.259999
  endloop
endfacet
facet normal 0.000000 0.000000 -0.038568
  outer loop
    vertex 47.889999 -89.779999 0.999999
    vertex 48.201263 -89.579964 0.999999
    vertex 48.245010 -89.675758 0.999999
  endloop
endfacet
facet normal 0.000000 0.000000 0.038569
  outer loop
    vertex 47.889999 -89.779999 0.259999
    vertex 48.201263 -89.579964 0.259999
    vertex 48.132298 -89.500374 0.259999
  endloop
endfacet
facet normal 0.000000 0.000000 -0.038569
  outer loop
    vertex 47.889999 -89.779999 0.999999
    vertex 48.132298 -89.500374 0.999999
    vertex 48.201263 -89.579964 0.999999
  endloop
endfacet
facet normal 0.000000 0.000000 0.038570
  outer loop
    vertex 47.889999 -89.779999 0.259999
    vertex 48.132298 -89.500374 0.259999
    vertex 48.043701 -89.443436 0.259999
  endloop
endfacet
facet normal 0.000000 0.000000 -0.038570
  outer loop
    vertex 47.889999 -89.779999 0.999999
    vertex 48.043701 -89.443436 0.999999
    vertex 48.132298 -89.500374 0.999999
  endloop
endfacet
facet normal 0.000000 0.000000 0.038568
  outer loop
    vertex 47.889999 -89.779999 0.259999
    vertex 48.043701 -89.443436 0.259999
    vertex 47.942657 -89.413765 0.259999
  endloop
endfacet
facet normal 0.000000 0.000000 -0.038568
  outer loop
    vertex 47.889999 -89.779999 0.999999
    vertex 47.942657 -89.413765 0.999999
    vertex 48.043701 -89.443436 0.999999
  endloop
endfacet
facet normal 0.000000 -0.000000 0.038570
  outer loop
    vertex 47.889999 -89.779999 0.259999
    vertex 47.942657 -89.413765 0.259999
    vertex 47.837341 -89.413765 0.259999
  endloop
endfacet
facet normal 0.000000 0.000000 -0.038570
  outer loop
    vertex 47.889999 -89.779999 0.999999
    vertex 47.837341 -89.413765 0.999999
    vertex 47.942657 -89.413765 0.999999
  endloop
endfacet
facet normal 0.000000 0.000000 0.038568
  outer loop
    vertex 47.889999 -89.779999 0.259999
    vertex 47.837341 -89.413765 0.259999
    vertex 47.736298 -89.443436 0.259999
  endloop
endfacet
facet normal 0.000000 0.000000 -0.038568
  outer loop
    vertex 47.889999 -89.779999 0.999999
    vertex 47.736298 -89.443436 0.999999
    vertex 47.837341 -89.413765 0.999999
  endloop
endfacet
facet normal 0.000000 0.000000 0.038570
  outer loop
    vertex 47.889999 -89.779999 0.259999
    vertex 47.736298 -89.443436 0.259999
    vertex 47.647701 -89.500374 0.259999
  endloop
endfacet
facet normal 0.000000 0.000000 -0.038570
  outer loop
    vertex 47.889999 -89.779999 0.999999
    vertex 47.647701 -89.500374 0.999999
    vertex 47.736298 -89.443436 0.999999
  endloop
endfacet
facet normal 0.000000 0.000000 0.038569
  outer loop
    vertex 47.889999 -89.779999 0.259999
    vertex 47.647701 -89.500374 0.259999
    vertex 47.578735 -89.579964 0.259999
  endloop
endfacet
facet normal 0.000000 0.000000 -0.038569
  outer loop
    vertex 47.889999 -89.779999 0.999999
    vertex 47.578735 -89.579964 0.999999
    vertex 47.647701 -89.500374 0.999999
  endloop
endfacet
facet normal 0.000000 0.000000 0.038568
  outer loop
    vertex 47.889999 -89.779999 0.259999
    vertex 47.578735 -89.579964 0.259999
    vertex 47.534988 -89.675758 0.259999
  endloop
endfacet
facet normal 0.000000 0.000000 -0.038568
  outer loop
    vertex 47.889999 -89.779999 0.999999
    vertex 47.534988 -89.675758 0.999999
    vertex 47.578735 -89.579964 0.999999
  endloop
endfacet
facet normal 0.000000 0.000000 0.038569
  outer loop
    vertex 47.889999 -89.779999 0.259999
    vertex 47.534988 -89.675758 0.259999
    vertex 47.520000 -89.779999 0.259999
  endloop
endfacet
facet normal 0.000000 0.000000 -0.038569
  outer loop
    vertex 47.889999 -89.779999 0.999999
    vertex 47.520000 -89.779999 0.999999
    vertex 47.534988 -89.675758 0.999999
  endloop
endfacet
facet normal 0.000000 0.000000 0.038569
  outer loop
    vertex 47.889999 -89.779999 0.259999
    vertex 47.520000 -89.779999 0.259999
    vertex 47.534988 -89.884239 0.259999
  endloop
endfacet
facet normal -0.000000 0.000000 -0.038569
  outer loop
    vertex 47.889999 -89.779999 0.999999
    vertex 47.534988 -89.884239 0.999999
    vertex 47.520000 -89.779999 0.999999
  endloop
endfacet
facet normal 0.000000 0.000000 0.038568
  outer loop
    vertex 47.889999 -89.779999 0.259999
    vertex 47.534988 -89.884239 0.259999
    vertex 47.578735 -89.980034 0.259999
  endloop
endfacet
facet normal 0.000000 0.000000 -0.038568
  outer loop
    vertex 47.889999 -89.779999 0.999999
    vertex 47.578735 -89.980034 0.999999
    vertex 47.534988 -89.884239 0.999999
  endloop
endfacet
facet normal 0.000000 0.000000 0.038569
  outer loop
    vertex 47.889999 -89.779999 0.259999
    vertex 47.578735 -89.980034 0.259999
    vertex 47.647701 -90.059624 0.259999
  endloop
endfacet
facet normal 0.000000 0.000000 -0.038569
  outer loop
    vertex 47.889999 -89.779999 0.999999
    vertex 47.647701 -90.059624 0.999999
    vertex 47.578735 -89.980034 0.999999
  endloop
endfacet
facet normal 0.000000 0.000000 0.038570
  outer loop
    vertex 47.889999 -89.779999 0.259999
    vertex 47.647701 -90.059624 0.259999
    vertex 47.736298 -90.116562 0.259999
  endloop
endfacet
facet normal 0.000000 0.000000 -0.038570
  outer loop
    vertex 47.889999 -89.779999 0.999999
    vertex 47.736298 -90.116562 0.999999
    vertex 47.647701 -90.059624 0.999999
  endloop
endfacet
facet normal 0.000000 0.000000 0.038568
  outer loop
    vertex 47.889999 -89.779999 0.259999
    vertex 47.736298 -90.116562 0.259999
    vertex 47.837341 -90.146233 0.259999
  endloop
endfacet
facet normal 0.000000 0.000000 -0.038568
  outer loop
    vertex 47.889999 -89.779999 0.999999
    vertex 47.837341 -90.146233 0.999999
    vertex 47.736298 -90.116562 0.999999
  endloop
endfacet
facet normal 0.000000 0.000000 0.038570
  outer loop
    vertex 47.889999 -89.779999 0.259999
    vertex 47.837341 -90.146233 0.259999
    vertex 47.942657 -90.146233 0.259999
  endloop
endfacet
facet normal 0.000000 -0.000000 -0.038570
  outer loop
    vertex 47.889999 -89.779999 0.999999
    vertex 47.942657 -90.146233 0.999999
    vertex 47.837341 -90.146233 0.999999
  endloop
endfacet
facet normal 0.000000 0.000000 0.038568
  outer loop
    vertex 47.889999 -89.779999 0.259999
    vertex 47.942657 -90.146233 0.259999
    vertex 48.043701 -90.116562 0.259999
  endloop
endfacet
facet normal 0.000000 0.000000 -0.038568
  outer loop
    vertex 47.889999 -89.779999 0.999999
    vertex 48.043701 -90.116562 0.999999
    vertex 47.942657 -90.146233 0.999999
  endloop
endfacet
facet normal 0.000000 0.000000 0.038570
  outer loop
    vertex 47.889999 -89.779999 0.259999
    vertex 48.043701 -90.116562 0.259999
    vertex 48.132298 -90.059624 0.259999
  endloop
endfacet
facet normal 0.000000 0.000000 -0.038570
  outer loop
    vertex 47.889999 -89.779999 0.999999
    vertex 48.132298 -90.059624 0.999999
    vertex 48.043701 -90.116562 0.999999
  endloop
endfacet
facet normal 0.000000 0.000000 0.038569
  outer loop
    vertex 47.889999 -89.779999 0.259999
    vertex 48.132298 -90.059624 0.259999
    vertex 48.201263 -89.980034 0.259999
  endloop
endfacet
facet normal 0.000000 0.000000 -0.038569
  outer loop
    vertex 47.889999 -89.779999 0.999999
    vertex 48.201263 -89.980034 0.999999
    vertex 48.132298 -90.059624 0.999999
  endloop
endfacet
facet normal 0.000000 0.000000 0.038568
  outer loop
    vertex 47.889999 -89.779999 0.259999
    vertex 48.201263 -89.980034 0.259999
    vertex 48.245010 -89.884239 0.259999
  endloop
endfacet
facet normal 0.000000 0.000000 -0.038568
  outer loop
    vertex 47.889999 -89.779999 0.999999
    vertex 48.245010 -89.884239 0.999999
    vertex 48.201263 -89.980034 0.999999
  endloop
endfacet
facet normal -0.000000 0.000000 0.038569
  outer loop
    vertex 47.889999 -89.779999 0.259999
    vertex 48.245010 -89.884239 0.259999
    vertex 48.259998 -89.779999 0.259999
  endloop
endfacet
facet normal 0.000000 0.000000 -0.038569
  outer loop
    vertex 47.889999 -89.779999 0.999999
    vertex 48.259998 -89.779999 0.999999
    vertex 48.245010 -89.884239 0.999999
  endloop
endfacet
facet normal 0.000000 0.000000 0.000000
  outer loop
    vertex 47.889999 -89.779999 0.259999
    vertex 48.259998 -89.779999 0.259999
    vertex 48.259998 -89.779999 0.259999
  endloop
endfacet
facet normal 0.000000 0.000000 0.000000
  outer loop
    vertex 47.889999 -89.779999 0.999999
    vertex 48.259998 -89.779999 0.999999
    vertex 48.259998 -89.779999 0.999999
  endloop
endfacet
facet normal -0.103958 -0.010925 0.000000
  outer loop
    vertex 102.330002 -203.690002 -0.190001
    vertex 102.330002 -203.690002 0.809999
    vertex 102.319077 -203.586044 0.809999
  endloop
endfacet
facet normal -0.103958 -0.010925 0.000000
  outer loop
    vertex 102.330002 -203.690002 -0.190001
    vertex 102.319077 -203.586044 0.809999
    vertex 102.319077 -203.586044 -0.190001
  endloop
endfacet
facet normal -0.099411 -0.032303 0.000000
  outer loop
    vertex 102.319077 -203.586044 -0.190001
    vertex 102.319077 -203.586044 0.809999
    vertex 102.286774 -203.486633 0.809999
  endloop
endfacet
facet normal -0.099411 -0.032303 0.000000
  outer loop
    vertex 102.319077 -203.586044 -0.190001
    vertex 102.286774 -203.486633 0.809999
    vertex 102.286774 -203.486633 -0.190001
  endloop
endfacet
facet normal -0.090530 -0.052261 0.000000
  outer loop
    vertex 102.286774 -203.486633 -0.190001
    vertex 102.286774 -203.486633 0.809999
    vertex 102.234512 -203.396103 0.809999
  endloop
endfacet
facet normal -0.090530 -0.052261 0.000000
  outer loop
    vertex 102.286774 -203.486633 -0.190001
    vertex 102.234512 -203.396103 0.809999
    vertex 102.234512 -203.396103 -0.190001
  endloop
endfacet
facet normal -0.077667 -0.069946 0.000000
  outer loop
    vertex 102.234512 -203.396103 -0.190001
    vertex 102.234512 -203.396103 0.809999
    vertex 102.164566 -203.318436 0.809999
  endloop
endfacet
facet normal -0.077667 -0.069946 0.000000
  outer loop
    vertex 102.234512 -203.396103 -0.190001
    vertex 102.164566 -203.318436 0.809999
    vertex 102.164566 -203.318436 -0.190001
  endloop
endfacet
facet normal -0.061447 -0.084564 0.000000
  outer loop
    vertex 102.164566 -203.318436 -0.190001
    vertex 102.164566 -203.318436 0.809999
    vertex 102.080002 -203.256989 0.809999
  endloop
endfacet
facet normal -0.061447 -0.084564 0.000000
  outer loop
    vertex 102.164566 -203.318436 -0.190001
    vertex 102.080002 -203.256989 0.809999
    vertex 102.080002 -203.256989 -0.190001
  endloop
endfacet
facet normal -0.042511 -0.095490 0.000000
  outer loop
    vertex 102.080002 -203.256989 -0.190001
    vertex 102.080002 -203.256989 0.809999
    vertex 101.984512 -203.214478 0.809999
  endloop
endfacet
facet normal -0.042511 -0.095490 0.000000
  outer loop
    vertex 102.080002 -203.256989 -0.190001
    vertex 101.984512 -203.214478 0.809999
    vertex 101.984512 -203.214478 -0.190001
  endloop
endfacet
facet normal -0.021729 -0.102249 0.000000
  outer loop
    vertex 101.984512 -203.214478 -0.190001
    vertex 101.984512 -203.214478 0.809999
    vertex 101.882263 -203.192749 0.809999
  endloop
endfacet
facet normal -0.021729 -0.102249 0.000000
  outer loop
    vertex 101.984512 -203.214478 -0.190001
    vertex 101.882263 -203.192749 0.809999
    vertex 101.882263 -203.192749 -0.190001
  endloop
endfacet
facet normal 0.000000 -0.104523 0.000000
  outer loop
    vertex 101.882263 -203.192749 -0.190001
    vertex 101.882263 -203.192749 0.809999
    vertex 101.777740 -203.192749 0.809999
  endloop
endfacet
facet normal 0.000000 -0.104523 0.000000
  outer loop
    vertex 101.882263 -203.192749 -0.190001
    vertex 101.777740 -203.192749 0.809999
    vertex 101.777740 -203.192749 -0.190001
  endloop
endfacet
facet normal 0.021729 -0.102249 0.000000
  outer loop
    vertex 101.777740 -203.192749 -0.190001
    vertex 101.777740 -203.192749 0.809999
    vertex 101.675491 -203.214478 0.809999
  endloop
endfacet
facet normal 0.021729 -0.102249 0.000000
  outer loop
    vertex 101.777740 -203.192749 -0.190001
    vertex 101.675491 -203.214478 0.809999
    vertex 101.675491 -203.214478 -0.190001
  endloop
endfacet
facet normal 0.042511 -0.095490 0.000000
  outer loop
    vertex 101.675491 -203.214478 -0.190001
    vertex 101.675491 -203.214478 0.809999
    vertex 101.580002 -203.256989 0.809999
  endloop
endfacet
facet normal 0.042511 -0.095490 0.000000
  outer loop
    vertex 101.675491 -203.214478 -0.190001
    vertex 101.580002 -203.256989 0.809999
    vertex 101.580002 -203.256989 -0.190001
  endloop
endfacet
facet normal 0.061447 -0.084564 0.000000
  outer loop
    vertex 101.580002 -203.256989 -0.190001
    vertex 101.580002 -203.256989 0.809999
    vertex 101.495438 -203.318436 0.809999
  endloop
endfacet
facet normal 0.061447 -0.084564 0.000000
  outer loop
    vertex 101.580002 -203.256989 -0.190001
    vertex 101.495438 -203.318436 0.809999
    vertex 101.495438 -203.318436 -0.190001
  endloop
endfacet
facet normal 0.077667 -0.069946 0.000000
  outer loop
    vertex 101.495438 -203.318436 -0.190001
    vertex 101.495438 -203.318436 0.809999
    vertex 101.425491 -203.396103 0.809999
  endloop
endfacet
facet normal 0.077667 -0.069946 0.000000
  outer loop
    vertex 101.495438 -203.318436 -0.190001
    vertex 101.425491 -203.396103 0.809999
    vertex 101.425491 -203.396103 -0.190001
  endloop
endfacet
facet normal 0.090530 -0.052261 0.000000
  outer loop
    vertex 101.425491 -203.396103 -0.190001
    vertex 101.425491 -203.396103 0.809999
    vertex 101.373230 -203.486633 0.809999
  endloop
endfacet
facet normal 0.090530 -0.052261 0.000000
  outer loop
    vertex 101.425491 -203.396103 -0.190001
    vertex 101.373230 -203.486633 0.809999
    vertex 101.373230 -203.486633 -0.190001
  endloop
endfacet
facet normal 0.099411 -0.032303 0.000000
  outer loop
    vertex 101.373230 -203.486633 -0.190001
    vertex 101.373230 -203.486633 0.809999
    vertex 101.340927 -203.586044 0.809999
  endloop
endfacet
facet normal 0.099411 -0.032303 0.000000
  outer loop
    vertex 101.373230 -203.486633 -0.190001
    vertex 101.340927 -203.586044 0.809999
    vertex 101.340927 -203.586044 -0.190001
  endloop
endfacet
facet normal 0.103958 -0.010925 0.000000
  outer loop
    vertex 101.340927 -203.586044 -0.190001
    vertex 101.340927 -203.586044 0.809999
    vertex 101.330002 -203.690002 0.809999
  endloop
endfacet
facet normal 0.103958 -0.010925 0.000000
  outer loop
    vertex 101.340927 -203.586044 -0.190001
    vertex 101.330002 -203.690002 0.809999
    vertex 101.330002 -203.690002 -0.190001
  endloop
endfacet
facet normal 0.103958 0.010925 -0.000000
  outer loop
    vertex 101.330002 -203.690002 -0.190001
    vertex 101.330002 -203.690002 0.809999
    vertex 101.340927 -203.793961 0.809999
  endloop
endfacet
facet normal 0.103958 0.010925 0.000000
  outer loop
    vertex 101.330002 -203.690002 -0.190001
    vertex 101.340927 -203.793961 0.809999
    vertex 101.340927 -203.793961 -0.190001
  endloop
endfacet
facet normal -0.077138 -0.011091 0.000000
  outer loop
    vertex 48.259998 -89.779999 0.259999
    vertex 48.259998 -89.779999 0.999999
    vertex 48.245010 -89.675758 0.999999
  endloop
endfacet
facet normal -0.077138 -0.011091 0.000000
  outer loop
    vertex 48.259998 -89.779999 0.259999
    vertex 48.245010 -89.675758 0.999999
    vertex 48.245010 -89.675758 0.259999
  endloop
endfacet
facet normal -0.070888 -0.032373 0.000000
  outer loop
    vertex 48.245010 -89.675758 0.259999
    vertex 48.245010 -89.675758 0.999999
    vertex 48.201263 -89.579964 0.999999
  endloop
endfacet
facet normal -0.070888 -0.032373 0.000000
  outer loop
    vertex 48.245010 -89.675758 0.259999
    vertex 48.201263 -89.579964 0.999999
    vertex 48.201263 -89.579964 0.259999
  endloop
endfacet
facet normal -0.058896 -0.051035 0.000000
  outer loop
    vertex 48.201263 -89.579964 0.259999
    vertex 48.201263 -89.579964 0.999999
    vertex 48.132298 -89.500374 0.999999
  endloop
endfacet
facet normal -0.058896 -0.051035 0.000000
  outer loop
    vertex 48.201263 -89.579964 0.259999
    vertex 48.132298 -89.500374 0.999999
    vertex 48.132298 -89.500374 0.259999
  endloop
endfacet
facet normal -0.042134 -0.065561 0.000000
  outer loop
    vertex 48.132298 -89.500374 0.259999
    vertex 48.132298 -89.500374 0.999999
    vertex 48.043701 -89.443436 0.999999
  endloop
endfacet
facet normal -0.042134 -0.065561 0.000000
  outer loop
    vertex 48.132298 -89.500374 0.259999
    vertex 48.043701 -89.443436 0.999999
    vertex 48.043701 -89.443436 0.259999
  endloop
endfacet
facet normal -0.021956 -0.074772 0.000000
  outer loop
    vertex 48.043701 -89.443436 0.259999
    vertex 48.043701 -89.443436 0.999999
    vertex 47.942657 -89.413765 0.999999
  endloop
endfacet
facet normal -0.021956 -0.074772 0.000000
  outer loop
    vertex 48.043701 -89.443436 0.259999
    vertex 47.942657 -89.413765 0.999999
    vertex 47.942657 -89.413765 0.259999
  endloop
endfacet
facet normal 0.000000 -0.077934 0.000000
  outer loop
    vertex 47.942657 -89.413765 0.259999
    vertex 47.942657 -89.413765 0.999999
    vertex 47.837341 -89.413765 0.999999
  endloop
endfacet
facet normal 0.000000 -0.077934 0.000000
  outer loop
    vertex 47.942657 -89.413765 0.259999
    vertex 47.837341 -89.413765 0.999999
    vertex 47.837341 -89.413765 0.259999
  endloop
endfacet
facet normal 0.021956 -0.074772 0.000000
  outer loop
    vertex 47.837341 -89.413765 0.259999
    vertex 47.837341 -89.413765 0.999999
    vertex 47.736298 -89.443436 0.999999
  endloop
endfacet
facet normal 0.021956 -0.074772 0.000000
  outer loop
    vertex 47.837341 -89.413765 0.259999
    vertex 47.736298 -89.443436 0.999999
    vertex 47.736298 -89.443436 0.259999
  endloop
endfacet
facet normal 0.042134 -0.065561 0.000000
  outer loop
    vertex 47.736298 -89.443436 0.259999
    vertex 47.736298 -89.443436 0.999999
    vertex 47.647701 -89.500374 0.999999
  endloop
endfacet
facet normal 0.042134 -0.065561 0.000000
  outer loop
    vertex 47.736298 -89.443436 0.259999
    vertex 47.647701 -89.500374 0.999999
    vertex 47.647701 -89.500374 0.259999
  endloop
endfacet
facet normal 0.058896 -0.051035 0.000000
  outer loop
    vertex 47.647701 -89.500374 0.259999
    vertex 47.647701 -89.500374 0.999999
    vertex 47.578735 -89.579964 0.999999
  endloop
endfacet
facet normal 0.058896 -0.051035 0.000000
  outer loop
    vertex 47.647701 -89.500374 0.259999
    vertex 47.578735 -89.579964 0.999999
    vertex 47.578735 -89.579964 0.259999
  endloop
endfacet
facet normal 0.070888 -0.032373 0.000000
  outer loop
    vertex 47.578735 -89.579964 0.259999
    vertex 47.578735 -89.579964 0.999999
    vertex 47.534988 -89.675758 0.999999
  endloop
endfacet
facet normal 0.070888 -0.032373 0.000000
  outer loop
    vertex 47.578735 -89.579964 0.259999
    vertex 47.534988 -89.675758 0.999999
    vertex 47.534988 -89.675758 0.259999
  endloop
endfacet
facet normal 0.077138 -0.011091 0.000000
  outer loop
    vertex 47.534988 -89.675758 0.259999
    vertex 47.534988 -89.675758 0.999999
    vertex 47.520000 -89.779999 0.999999
  endloop
endfacet
facet normal 0.077138 -0.011091 0.000000
  outer loop
    vertex 47.534988 -89.675758 0.259999
    vertex 47.520000 -89.779999 0.999999
    vertex 47.520000 -89.779999 0.259999
  endloop
endfacet
facet normal 0.077138 0.011091 -0.000000
  outer loop
    vertex 47.520000 -89.779999 0.259999
    vertex 47.520000 -89.779999 0.999999
    vertex 47.534988 -89.884239 0.999999
  endloop
endfacet
facet normal 0.077138 0.011091 0.000000
  outer loop
    vertex 47.520000 -89.779999 0.259999
    vertex 47.534988 -89.884239 0.999999
    vertex 47.534988 -89.884239 0.259999
  endloop
endfacet
facet normal 0.070888 0.032373 -0.000000
  outer loop
    vertex 47.534988 -89.884239 0.259999
    vertex 47.534988 -89.884239 0.999999
    vertex 47.578735 -89.980034 0.999999
  endloop
endfacet
facet normal 0.070888 0.032373 0.000000
  outer loop
    vertex 47.534988 -89.884239 0.259999
    vertex 47.578735 -89.980034 0.999999
    vertex 47.578735 -89.980034 0.259999
  endloop
endfacet
facet normal 0.058896 0.051035 -0.000000
  outer loop
    vertex 47.578735 -89.980034 0.259999
    vertex 47.578735 -89.980034 0.999999
    vertex 47.647701 -90.059624 0.999999
  endloop
endfacet
facet normal 0.058896 0.051035 0.000000
  outer loop
    vertex 47.578735 -89.980034 0.259999
    vertex 47.647701 -90.059624 0.999999
    vertex 47.647701 -90.059624 0.259999
  endloop
endfacet
facet normal 0.042134 0.065561 -0.000000
  outer loop
    vertex 47.647701 -90.059624 0.259999
    vertex 47.647701 -90.059624 0.999999
    vertex 47.736298 -90.116562 0.999999
  endloop
endfacet
facet normal 0.042134 0.065561 0.000000
  outer loop
    vertex 47.647701 -90.059624 0.259999
    vertex 47.736298 -90.116562 0.999999
    vertex 47.736298 -90.116562 0.259999
  endloop
endfacet
facet normal 0.021956 0.074772 -0.000000
  outer loop
    vertex 47.736298 -90.116562 0.259999
    vertex 47.736298 -90.116562 0.999999
    vertex 47.837341 -90.146233 0.999999
  endloop
endfacet
facet normal 0.021956 0.074772 0.000000
  outer loop
    vertex 47.736298 -90.116562 0.259999
    vertex 47.837341 -90.146233 0.999999
    vertex 47.837341 -90.146233 0.259999
  endloop
endfacet
facet normal 0.000000 0.077934 0.000000
  outer loop
    vertex 47.837341 -90.146233 0.259999
    vertex 47.837341 -90.146233 0.999999
    vertex 47.942657 -90.146233 0.999999
  endloop
endfacet
facet normal 0.000000 0.077934 0.000000
  outer loop
    vertex 47.837341 -90.146233 0.259999
    vertex 47.942657 -90.146233 0.999999
    vertex 47.942657 -90.146233 0.259999
  endloop
endfacet
facet normal -0.021956 0.074772 0.000000
  outer loop
    vertex 47.942657 -90.146233 0.259999
    vertex 47.942657 -90.146233 0.999999
    vertex 48.043701 -90.116562 0.999999
  endloop
endfacet
facet normal -0.021956 0.074772 0.000000
  outer loop
    vertex 47.942657 -90.146233 0.259999
    vertex 48.043701 -90.116562 0.999999
    vertex 48.043701 -90.116562 0.259999
  endloop
endfacet
facet normal -0.042134 0.065561 0.000000
  outer loop
    vertex 48.043701 -90.116562 0.259999
    vertex 48.043701 -90.116562 0.999999
    vertex 48.132298 -90.059624 0.999999
  endloop
endfacet
facet normal -0.042134 0.065561 0.000000
  outer loop
    vertex 48.043701 -90.116562 0.259999
    vertex 48.132298 -90.059624 0.999999
    vertex 48.132298 -90.059624 0.259999
  endloop
endfacet
facet normal -0.058896 0.051035 0.000000
  outer loop
    vertex 48.132298 -90.059624 0.259999
    vertex 48.132298 -90.059624 0.999999
    vertex 48.201263 -89.980034 0.999999
  endloop
endfacet
facet normal -0.058896 0.051035 0.000000
  outer loop
    vertex 48.132298 -90.059624 0.259999
    vertex 48.201263 -89.980034 0.999999
    vertex 48.201263 -89.980034 0.259999
  endloop
endfacet
facet normal -0.070888 0.032373 0.000000
  outer loop
    vertex 48.201263 -89.980034 0.259999
    vertex 48.201263 -89.980034 0.999999
    vertex 48.245010 -89.884239 0.999999
  endloop
endfacet
facet normal -0.070888 0.032373 0.000000
  outer loop
    vertex 48.201263 -89.980034 0.259999
    vertex 48.245010 -89.884239 0.999999
    vertex 48.245010 -89.884239 0.259999
  endloop
endfacet
facet normal -0.077138 0.011091 0.000000
  outer loop
    vertex 48.245010 -89.884239 0.259999
    vertex 48.245010 -89.884239 0.999999
    vertex 48.259998 -89.779999 0.999999
  endloop
endfacet
facet normal -0.077138 0.011091 0.000000
  outer loop
    vertex 48.245010 -89.884239 0.259999
    vertex 48.259998 -89.779999 0.999999
    vertex 48.259998 -89.779999 0.259999
  endloop
endfacet
facet normal 0.000000 0.000000 0.000000
  outer loop
    vertex 48.259998 -89.779999 0.259999
    vertex 48.259998 -89.779999 0.999999
    vertex 48.259998 -89.779999 0.999999
  endloop
endfacet
facet normal 0.000000 0.000000 0.000000
  outer loop
    vertex 48.259998 -89.779999 0.259999
    vertex 48.259998 -89.779999 0.999999
    vertex 48.259998 -89.779999 0.259999
  endloop
endfacet
facet normal 0.000000 0.000000 0.038569
  outer loop
    vertex 47.889999 -89.779999 0.259999
    vertex 48.259998 -89.779999 0.259999
    vertex 48.245010 -89.675758 0.259999
  endloop
endfacet
facet normal 0.000000 0.000000 -0.038569
  outer loop
    vertex 47.889999 -89.779999 0.999999
    vertex 48.245010 -89.675758 0.999999
    vertex 48.259998 -89.779999 0.999999
  endloop
endfacet
facet normal 0.000000 0.000000 0.038568
  outer loop
    vertex 47.889999 -89.779999 0.259999
    vertex 48.245010 -89.675758 0.259999
    vertex 48.201263 -89.579964 0.259999
  endloop
endfacet
facet normal 0.000000 0.000000 -0.038568
  outer loop
    vertex 47.889999 -89.779999 0.999999
    vertex 48.201263 -89.579964 0.999999
    vertex 48.245010 -89.675758 0.999999
  endloop
endfacet
facet normal 0.000000 0.000000 0.038569
  outer loop
    vertex 47.889999 -89.779999 0.259999
    vertex 48.201263 -89.579964 0.259999
    vertex 48.132298 -89.500374 0.259999
  endloop
endfacet
facet normal 0.000000 0.000000 -0.038569
  outer loop
    vertex 47.889999 -89.779999 0.999999
    vertex 48.132298 -89.500374 0.999999
    vertex 48.201263 -89.579964 0.999999
  endloop
endfacet
facet normal 0.000000 0.000000 0.038570
  outer loop
    vertex 47.889999 -89.779999 0.259999
    vertex 48.132298 -89.500374 0.259999
    vertex 48.043701 -89.443436 0.259999
  endloop
endfacet
facet normal 0.000000 0.000000 -0.038570
  outer loop
    vertex 47.889999 -89.779999 0.999999
    vertex 48.043701 -89.443436 0.999999
    vertex 48.132298 -89.500374 0.999999
  endloop
endfacet
facet normal 0.000000 0.000000 0.038568
  outer loop
    vertex 47.889999 -89.779999 0.259999
    vertex 48.043701 -89.443436 0.259999
    vertex 47.942657 -89.413765 0.259999
  endloop
endfacet
facet normal 0.000000 0.000000 -0.038568
  outer loop
    vertex 47.889999 -89.779999 0.999999
    vertex 47.942657 -89.413765 0.999999
    vertex 48.043701 -89.443436 0.999999
  endloop
endfacet
facet normal 0.000000 -0.000000 0.038570
  outer loop
    vertex 47.889999 -89.779999 0.259999
    vertex 47.942657 -89.413765 0.259999
    vertex 47.837341 -89.413765 0.259999
  endloop
endfacet
facet normal 0.000000 0.000000 -0.038570
  outer loop
    vertex 47.889999 -89.779999 0.999999
    vertex 47.837341 -89.413765 0.999999
    vertex 47.942657 -89.413765 0.999999
  endloop
endfacet
facet normal 0.000000 0.000000 0.038568
  outer loop
    vertex 47.889999 -89.779999 0.259999
    vertex 47.837341 -89.413765 0.259999
    vertex 47.736298 -89.443436 0.259999
  endloop
endfacet
facet normal 0.000000 0.000000 -0.038568
  outer loop
    vertex 47.889999 -89.779999 0.999999
    vertex 47.736298 -89.443436 0.999999
    vertex 47.837341 -89.413765 0.999999
  endloop
endfacet
facet normal 0.000000 0.000000 0.038570
  outer loop
    vertex 47.889999 -89.779999 0.259999
    vertex 47.736298 -89.443436 0.259999
    vertex 47.647701 -89.500374 0.259999
  endloop
endfacet
facet normal 0.000000 0.000000 -0.038570
  outer loop
    vertex 47.889999 -89.779999 0.999999
    vertex 47.647701 -89.500374 0.999999
    vertex 47.736298 -89.443436 0.999999
  endloop
endfacet
facet normal 0.000000 0.000000 0.038569
  outer loop
    vertex 47.889999 -89.779999 0.259999
    vertex 47.647701 -89.500374 0.259999
    vertex 47.578735 -89.579964 0.259999
  endloop
endfacet
facet normal 0.000000 0.000000 -0.038569
  outer loop
    vertex 47.889999 -89.779999 0.999999
    vertex 47.578735 -89.579964 0.999999
    vertex 47.647701 -89.500374 0.999999
  endloop
endfacet
facet normal 0.000000 0.000000 0.038568
  outer loop
    vertex 47.889999 -89.779999 0.259999
    vertex 47.578735 -89.579964 0.259999
    vertex 47.534988 -89.675758 0.259999
  endloop
endfacet
facet normal 0.000000 0.000000 -0.038568
  outer loop
    vertex 47.889999 -89.779999 0.999999
    vertex 47.534988 -89.675758 0.999999
    vertex 47.578735 -89.579964 0.999999
  endloop
endfacet
facet normal 0.000000 0.000000 0.038569
  outer loop
    vertex 47.889999 -89.779999 0.259999
    vertex 47.534988 -89.675758 0.259999
    vertex 47.520000 -89.779999 0.259999
  endloop
endfacet
facet normal 0.000000 0.000000 -0.038569
  outer loop
    vertex 47.889999 -89.779999 0.999999
    vertex 47.520000 -89.779999 0.999999
    vertex 47.534988 -89.675758 0.999999
  endloop
endfacet
facet normal 0.000000 0.000000 0.038569
  outer loop
    vertex 47.889999 -89.779999 0.259999
    vertex 47.520000 -89.779999 0.259999
    vertex 47.534988 -89.884239 0.259999
  endloop
endfacet
facet normal -0.000000 0.000000 -0.038569
  outer loop
    vertex 47.889999 -89.779999 0.999999
    vertex 47.534988 -89.884239 0.999999
    vertex 47.520000 -89.779999 0.999999
  endloop
endfacet
facet normal 0.000000 0.000000 0.038568
  outer loop
    vertex 47.889999 -89.779999 0.259999
    vertex 47.534988 -89.884239 0.259999
    vertex 47.578735 -89.980034 0.259999
  endloop
endfacet
facet normal 0.000000 0.000000 -0.038568
  outer loop
    vertex 47.889999 -89.779999 0.999999
    vertex 47.578735 -89.980034 0.999999
    vertex 47.534988 -89.884239 0.999999
  endloop
endfacet
facet normal 0.000000 0.000000 0.038569
  outer loop
    vertex 47.889999 -89.779999 0.259999
    vertex 47.578735 -89.980034 0.259999
    vertex 47.647701 -90.059624 0.259999
  endloop
endfacet
facet normal 0.000000 0.000000 -0.038569
  outer loop
    vertex 47.889999 -89.779999 0.999999
    vertex 47.647701 -90.059624 0.999999
    vertex 47.578735 -89.980034 0.999999
  endloop
endfacet
facet normal 0.000000 0.000000 0.038570
  outer loop
    vertex 47.889999 -89.779999 0.259999
    vertex 47.647701 -90.059624 0.259999
    vertex 47.736298 -90.116562 0.259999
  endloop
endfacet
facet normal 0.000000 0.000000 -0.038570
  outer loop
    vertex 47.889999 -89.779999 0.999999
    vertex 47.736298 -90.116562 0.999999
    vertex 47.647701 -90.059624 0.999999
  endloop
endfacet
facet normal 0.000000 0.000000 0.038568
  outer loop
    vertex 47.889999 -89.779999 0.259999
    vertex 47.736298 -90.116562 0.259999
    vertex 47.837341 -90.146233 0.259999
  endloop
endfacet
facet normal 0.000000 0.000000 -0.038568
  outer loop
    vertex 47.889999 -89.779999 0.999999
    vertex 47.837341 -90.146233 0.999999
    vertex 47.736298 -90.116562 0.999999
  endloop
endfacet
facet normal 0.000000 0.000000 0.038570
  outer loop
    vertex 47.889999 -89.779999 0.259999
    vertex 47.837341 -90.146233 0.259999
    vertex 47.942657 -90.146233 0.259999
  endloop
endfacet
facet normal 0.000000 -0.000000 -0.038570
  outer loop
    vertex 47.889999 -89.779999 0.999999
    vertex 47.942657 -90.146233 0.999999
    vertex 47.837341 -90.146233 0.999999
  endloop
endfacet
facet normal 0.000000 0.000000 0.038568
  outer loop
    vertex 47.889999 -89.779999 0.259999
    vertex 47.942657 -90.146233 0.259999
    vertex 48.043701 -90.116562 0.259999
  endloop
endfacet
facet normal 0.000000 0.000000 -0.038568
  outer loop
    vertex 47.889999 -89.779999 0.999999
    vertex 48.043701 -90.116562 0.999999
    vertex 47.942657 -90.146233 0.999999
  endloop
endfacet
facet normal 0.000000 0.000000 0.038570
  outer loop
    vertex 47.889999 -89.779999 0.259999
    vertex 48.043701 -90.116562 0.259999
    vertex 48.132298 -90.059624 0.259999
  endloop
endfacet
facet normal 0.000000 0.000000 -0.038570
  outer loop
    vertex 47.889999 -89.779999 0.999999
    vertex 48.132298 -90.059624 0.999999
    vertex 48.043701 -90.116562 0.999999
  endloop
endfacet
facet normal 0.000000 0.000000 0.038569
  outer loop
    vertex 47.889999 -89.779999 0.259999
    vertex 48.132298 -90.059624 0.259999
    vertex 48.201263 -89.980034 0.259999
  endloop
endfacet
facet normal 0.000000 0.000000 -0.038569
  outer loop
    vertex 47.889999 -89.779999 0.999999
    vertex 48.201263 -89.980034 0.999999
    vertex 48.132298 -90.059624 0.999999
  endloop
endfacet
facet normal 0.000000 0.000000 0.038568
  outer loop
    vertex 47.889999 -89.779999 0.259999
    vertex 48.201263 -89.980034 0.259999
    vertex 48.245010 -89.884239 0.259999
  endloop
endfacet
facet normal 0.000000 0.000000 -0.038568
  outer loop
    vertex 47.889999 -89.779999 0.999999
    vertex 48.245010 -89.884239 0.999999
    vertex 48.201263 -89.980034 0.999999
  endloop
endfacet
facet normal -0.000000 0.000000 0.038569
  outer loop
    vertex 47.889999 -89.779999 0.259999
    vertex 48.245010 -89.884239 0.259999
    vertex 48.259998 -89.779999 0.259999
  endloop
endfacet
facet normal 0.000000 0.000000 -0.038569
  outer loop
    vertex 47.889999 -89.779999 0.999999
    vertex 48.259998 -89.779999 0.999999
    vertex 48.245010 -89.884239 0.999999
  endloop
endfacet
facet normal 0.000000 0.000000 0.000000
  outer loop
    vertex 47.889999 -89.779999 0.259999
    vertex 48.259998 -89.779999 0.259999
    vertex 48.259998 -89.779999 0.259999
  endloop
endfacet
facet normal 0.000000 0.000000 0.000000
  outer loop
    vertex 47.889999 -89.779999 0.999999
    vertex 48.259998 -89.779999 0.999999
    vertex 48.259998 -89.779999 0.999999
  endloop
endfacet
facet normal -0.103958 -0.010925 0.000000
  outer loop
    vertex 102.330002 -203.690002 -0.190001
    vertex 102.330002 -203.690002 0.809999
    vertex 102.319077 -203.586044 0.809999
  endloop
endfacet
facet normal -0.103958 -0.010925 0.000000
  outer loop
    vertex 102.330002 -203.690002 -0.190001
    vertex 102.319077 -203.586044 0.809999
    vertex 102.319077 -203.586044 -0.190001
  endloop
endfacet
facet normal -0.099411 -0.032303 0.000000
  outer loop
    vertex 102.319077 -203.586044 -0.190001
    vertex 102.319077 -203.586044 0.809999
    vertex 102.286774 -203.486633 0.809999
  endloop
endfacet
facet normal -0.099411 -0.032303 0.000000
  outer loop
    vertex 102.319077 -203.586044 -0.190001
    vertex 102.286774 -203.486633 0.809999
    vertex 102.286774 -203.486633 -0.190001
  endloop
endfacet
facet normal -0.090530 -0.052261 0.000000
  outer loop
    vertex 102.286774 -203.486633 -0.190001
    vertex 102.286774 -203.486633 0.809999
    vertex 102.234512 -203.396103 0.809999
  endloop
endfacet
facet normal -0.090530 -0.052261 0.000000
  outer loop
    vertex 102.286774 -203.486633 -0.190001
    vertex 102.234512 -203.396103 0.809999
    vertex 102.234512 -203.396103 -0.190001
  endloop
endfacet
facet normal -0.077667 -0.069946 0.000000
  outer loop
    vertex 102.234512 -203.396103 -0.190001
    vertex 102.234512 -203.396103 0.809999
    vertex 102.164566 -203.318436 0.809999
  endloop
endfacet
facet normal -0.077667 -0.069946 0.000000
  outer loop
    vertex 102.234512 -203.396103 -0.190001
    vertex 102.164566 -203.318436 0.809999
    vertex 102.164566 -203.318436 -0.190001
  endloop
endfacet
facet normal -0.061447 -0.084564 0.000000
  outer loop
    vertex 102.164566 -203.318436 -0.190001
    vertex 102.164566 -203.318436 0.809999
    vertex 102.080002 -203.256989 0.809999
  endloop
endfacet
facet normal -0.061447 -0.084564 0.000000
  outer loop
    vertex 102.164566 -203.318436 -0.190001
    vertex 102.080002 -203.256989 0.809999
    vertex 102.080002 -203.256989 -0.190001
  endloop
endfacet
facet normal -0.042511 -0.095490 0.000000
  outer loop
    vertex 102.080002 -203.256989 -0.190001
    vertex 102.080002 -203.256989 0.809999
    vertex 101.984512 -203.214478 0.809999
  endloop
endfacet
facet normal -0.042511 -0.095490 0.000000
  outer loop
    vertex 102.080002 -203.256989 -0.190001
    vertex 101.984512 -203.214478 0.809999
    vertex 101.984512 -203.214478 -0.190001
  endloop
endfacet
facet normal -0.021729 -0.102249 0.000000
  outer loop
    vertex 101.984512 -203.214478 -0.190001
    vertex 101.984512 -203.214478 0.809999
    vertex 101.882263 -203.192749 0.809999
  endloop
endfacet
facet normal -0.021729 -0.102249 0.000000
  outer loop
    vertex 101.984512 -203.214478 -0.190001
    vertex 101.882263 -203.192749 0.809999
    vertex 101.882263 -203.192749 -0.190001
  endloop
endfacet
facet normal 0.000000 -0.104523 0.000000
  outer loop
    vertex 101.882263 -203.192749 -0.190001
    vertex 101.882263 -203.192749 0.809999
    vertex 101.777740 -203.192749 0.809999
  endloop
endfacet
facet normal 0.000000 -0.104523 0.000000
  outer loop
    vertex 101.882263 -203.192749 -0.190001
    vertex 101.777740 -203.192749 0.809999
    vertex 101.777740 -203.192749 -0.190001
  endloop
endfacet
facet normal 0.021729 -0.102249 0.000000
  outer loop
    vertex 101.777740 -203.192749 -0.190001
    vertex 101.777740 -203.192749 0.809999
    vertex 101.675491 -203.214478 0.809999
  endloop
endfacet
facet normal 0.021729 -0.102249 0.000000
  outer loop
    vertex 101.777740 -203.192749 -0.190001
    vertex 101.675491 -203.214478 0.809999
    vertex 101.675491 -203.214478 -0.190001
  endloop
endfacet
facet normal 0.042511 -0.095490 0.000000
  outer loop
    vertex 101.675491 -203.214478 -0.190001
    vertex 101.675491 -203.214478 0.809999
    vertex 101.580002 -203.256989 0.809999
  endloop
endfacet
facet normal 0.042511 -0.095490 0.000000
  outer loop
    vertex 101.675491 -203.214478 -0.190001
    vertex 101.580002 -203.256989 0.809999
    vertex 101.580002 -203.256989 -0.190001
  endloop
endfacet
facet normal 0.061447 -0.084564 0.000000
  outer loop
    vertex 101.580002 -203.256989 -0.190001
    vertex 101.580002 -203.256989 0.809999
    vertex 101.495438 -203.318436 0.809999
  endloop
endfacet
facet normal 0.061447 -0.084564 0.000000
  outer loop
    vertex 101.580002 -203.256989 -0.190001
    vertex 101.495438 -203.318436 0.809999
    vertex 101.495438 -203.318436 -0.190001
  endloop
endfacet
facet normal 0.077667 -0.069946 0.000000
  outer loop
    vertex 101.495438 -203.318436 -0.190001
    vertex 101.495438 -203.318436 0.809999
    vertex 101.425491 -203.396103 0.809999
  endloop
endfacet
facet normal 0.077667 -0.069946 0.000000
  outer loop
    vertex 101.495438 -203.318436 -0.190001
    vertex 101.425491 -203.396103 0.809999
    vertex 101.425491 -203.396103 -0.190001
  endloop
endfacet
facet normal 0.090530 -0.052261 0.000000
  outer loop
    vertex 101.425491 -203.396103 -0.190001
    vertex 101.425491 -203.396103 0.809999
    vertex 101.373230 -203.486633 0.809999
  endloop
endfacet
facet normal 0.090530 -0.052261 0.000000
  outer loop
    vertex 101.425491 -203.396103 -0.190001
    vertex 101.373230 -203.486633 0.809999
    vertex 101.373230 -203.486633 -0.190001
  endloop
endfacet
facet normal 0.099411 -0.032303 0.000000
  outer loop
    vertex 101.373230 -203.486633 -0.190001
    vertex 101.373230 -203.486633 0.809999
    vertex 101.340927 -203.586044 0.809999
  endloop
endfacet
facet normal 0.099411 -0.032303 0.000000
  outer loop
    vertex 101.373230 -203.486633 -0.190001
    vertex 101.340927 -203.586044 0.809999
    vertex 101.340927 -203.586044 -0.190001
  endloop
endfacet
facet normal 0.103958 -0.010925 0.000000
  outer loop
    vertex 101.340927 -203.586044 -0.190001
    vertex 101.340927 -203.586044 0.809999
    vertex 101.330002 -203.690002 0.809999
  endloop
endfacet
facet normal 0.103958 -0.010925 0.000000
  outer loop
    vertex 101.340927 -203.586044 -0.190001
    vertex 101.330002 -203.690002 0.809999
    vertex 101.330002 -203.690002 -0.190001
  endloop
endfacet
facet normal 0.103958 0.010925 -0.000000
  outer loop
    vertex 101.330002 -203.690002 -0.190001
    vertex 101.330002 -203.690002 0.809999
    vertex 101.340927 -203.793961 0.809999
  endloop
endfacet
facet normal 0.103958 0.010925 0.000000
  outer loop
    vertex 101.330002 -203.690002 -0.190001
    vertex 101.340927 -203.793961 0.809999
    vertex 101.340927 -203.793961 -0.190001
  endloop
endfacet
facet normal -0.077138 -0.011091 0.000000
  outer loop
    vertex 48.259998 -89.779999 0.259999
    vertex 48.259998 -89.779999 0.999999
    vertex 48.245010 -89.675758 0.999999
  endloop
endfacet
facet normal -0.077138 -0.011091 0.000000
  outer loop
    vertex 48.259998 -89.779999 0.259999
    vertex 48.245010 -89.675758 0.999999
    vertex 48.245010 -89.675758 0.259999
  endloop
endfacet
facet normal -0.070888 -0.032373 0.000000
  outer loop
    vertex 48.245010 -89.675758 0.259999
    vertex 48.245010 -89.675758 0.999999
    vertex 48.201263 -89.579964 0.999999
  endloop
endfacet
facet normal -0.070888 -0.032373 0.000000
  outer loop
    vertex 48.245010 -89.675758 0.259999
    vertex 48.201263 -89.579964 0.999999
    vertex 48.201263 -89.579964 0.259999
  endloop
endfacet
facet normal -0.058896 -0.051035 0.000000
  outer loop
    vertex 48.201263 -89.579964 0.259999
    vertex 48.201263 -89.579964 0.999999
    vertex 48.132298 -89.500374 0.999999
  endloop
endfacet
facet normal -0.058896 -0.051035 0.000000
  outer loop
    vertex 48.201263 -89.579964 0.259999
    vertex 48.132298 -89.500374 0.999999
    vertex 48.132298 -89.500374 0.259999
  endloop
endfacet
facet normal -0.042134 -0.065561 0.000000
  outer loop
    vertex 48.132298 -89.500374 0.259999
    vertex 48.132298 -89.500374 0.999999
    vertex 48.043701 -89.443436 0.999999
  endloop
endfacet
facet normal -0.042134 -0.065561 0.000000
  outer loop
    vertex 48.132298 -89.500374 0.259999
    vertex 48.043701 -89.443436 0.999999
    vertex 48.043701 -89.443436 0.259999
  endloop
endfacet
facet normal -0.021956 -0.074772 0.000000
  outer loop
    vertex 48.043701 -89.443436 0.259999
    vertex 48.043701 -89.443436 0.999999
    vertex 47.942657 -89.413765 0.999999
  endloop
endfacet
facet normal -0.021956 -0.074772 0.000000
  outer loop
    vertex 48.043701 -89.443436 0.259999
    vertex 47.942657 -89.413765 0.999999
    vertex 47.942657 -89.413765 0.259999
  endloop
endfacet
facet normal 0.000000 -0.077934 0.000000
  outer loop
    vertex 47.942657 -89.413765 0.259999
    vertex 47.942657 -89.413765 0.999999
    vertex 47.837341 -89.413765 0.999999
  endloop
endfacet
facet normal 0.000000 -0.077934 0.000000
  outer loop
    vertex 47.942657 -89.413765 0.259999
    vertex 47.837341 -89.413765 0.999999
    vertex 47.837341 -89.413765 0.259999
  endloop
endfacet
facet normal 0.021956 -0.074772 0.000000
  outer loop
    vertex 47.837341 -89.413765 0.259999
    vertex 47.837341 -89.413765 0.999999
    vertex 47.736298 -89.443436 0.999999
  endloop
endfacet
facet normal 0.021956 -0.074772 0.000000
  outer loop
    vertex 47.837341 -89.413765 0.259999
    vertex 47.736298 -89.443436 0.999999
    vertex 47.736298 -89.443436 0.259999
  endloop
endfacet
facet normal 0.042134 -0.065561 0.000000
  outer loop
    vertex 47.736298 -89.443436 0.259999
    vertex 47.736298 -89.443436 0.999999
    vertex 47.647701 -89.500374 0.999999
  endloop
endfacet
facet normal 0.042134 -0.065561 0.000000
  outer loop
    vertex 47.736298 -89.443436 0.259999
    vertex 47.647701 -89.500374 0.999999
    vertex 47.647701 -89.500374 0.259999
  endloop
endfacet
facet normal 0.058896 -0.051035 0.000000
  outer loop
    vertex 47.647701 -89.500374 0.259999
    vertex 47.647701 -89.500374 0.999999
    vertex 47.578735 -89.579964 0.999999
  endloop
endfacet
facet normal 0.058896 -0.051035 0.000000
  outer loop
    vertex 47.647701 -89.500374 0.259999
    vertex 47.578735 -89.579964 0.999999
    vertex 47.578735 -89.579964 0.259999
  endloop
endfacet
facet normal 0.070888 -0.032373 0.000000
  outer loop
    vertex 47.578735 -89.579964 0.259999
    vertex 47.578735 -89.579964 0.999999
    vertex 47.534988 -89.675758 0.999999
  endloop
endfacet
facet normal 0.070888 -0.032373 0.000000
  outer loop
    vertex 47.578735 -89.579964 0.259999
    vertex 47.534988 -89.675758 0.999999
    vertex 47.534988 -89.675758 0.259999
  endloop
endfacet
facet normal 0.077138 -0.011091 0.000000
  outer loop
    vertex 47.534988 -89.675758 0.259999
    vertex 47.534988 -89.675758 0.999999
    vertex 47.520000 -89.779999 0.999999
  endloop
endfacet
facet normal 0.077138 -0.011091 0.000000
  outer loop
    vertex 47.534988 -89.675758 0.259999
    vertex 47.520000 -89.779999 0.999999
    vertex 47.520000 -89.779999 0.259999
  endloop
endfacet
facet normal 0.077138 0.011091 -0.000000
  outer loop
    vertex 47.520000 -89.779999 0.259999
    vertex 47.520000 -89.779999 0.999999
    vertex 47.534988 -89.884239 0.999999
  endloop
endfacet
facet normal 0.077138 0.011091 0.000000
  outer loop
    vertex 47.520000 -89.779999 0.259999
    vertex 47.534988 -89.884239 0.999999
    vertex 47.534988 -89.884239 0.259999
  endloop
endfacet
facet normal 0.070888 0.032373 -0.000000
  outer loop
    vertex 47.534988 -89.884239 0.259999
    vertex 47.534988 -89.884239 0.999999
    vertex 47.578735 -89.980034 0.999999
  endloop
endfacet
facet normal 0.070888 0.032373 0.000000
  outer loop
    vertex 47.534988 -89.884239 0.259999
    vertex 47.578735 -89.980034 0.999999
    vertex 47.578735 -89.980034 0.259999
  endloop
endfacet
facet normal 0.058896 0.051035 -0.000000
  outer loop
    vertex 47.578735 -89.980034 0.259999
    vertex 47.578735 -89.980034 0.999999
    vertex 47.647701 -90.059624 0.999999
  endloop
endfacet
facet normal 0.058896 0.051035 0.000000
  outer loop
    vertex 47.578735 -89.980034 0.259999
    vertex 47.647701 -90.059624 0.999999
    vertex 47.647701 -90.059624 0.259999
  endloop
endfacet
facet normal 0.042134 0.065561 -0.000000
  outer loop
    vertex 47.647701 -90.059624 0.259999
    vertex 47.647701 -90.059624 0.999999
    vertex 47.736298 -90.116562 0.999999
  endloop
endfacet
facet normal 0.042134 0.065561 0.000000
  outer loop
    vertex 47.647701 -90.059624 0.259999
    vertex 47.736298 -90.116562 0.999999
    vertex 47.736298 -90.116562 0.259999
  endloop
endfacet
facet normal 0.021956 0.074772 -0.000000
  outer loop
    vertex 47.736298 -90.116562 0.259999
    vertex 47.736298 -90.116562 0.999999
    vertex 47.837341 -90.146233 0.999999
  endloop
endfacet
facet normal 0.021956 0.074772 0.000000
  outer loop
    vertex 47.736298 -90.116562 0.259999
    vertex 47.837341 -90.146233 0.999999
    vertex 47.837341 -90.146233 0.259999
  endloop
endfacet
facet normal 0.000000 0.077934 0.000000
  outer loop
    vertex 47.837341 -90.146233 0.259999
    vertex 47.837341 -90.146233 0.999999
    vertex 47.942657 -90.146233 0.999999
  endloop
endfacet
facet normal 0.000000 0.077934 0.000000
  outer loop
    vertex 47.837341 -90.146233 0.259999
    vertex 47.942657 -90.146233 0.999999
    vertex 47.942657 -90.146233 0.259999
  endloop
endfacet
facet normal -0.021956 0.074772 0.000000
  outer loop
    vertex 47.942657 -90.146233 0.259999
    vertex 47.942657 -90.146233 0.999999
    vertex 48.043701 -90.116562 0.999999
  endloop
endfacet
facet normal -0.021956 0.074772 0.000000
  outer loop
    vertex 47.942657 -90.146233 0.259999
    vertex 48.043701 -90.116562 0.999999
    vertex 48.043701 -90.116562 0.259999
  endloop
endfacet
facet normal -0.042134 0.065561 0.000000
  outer loop
    vertex 48.043701 -90.116562 0.259999
    vertex 48.043701 -90.116562 0.999999
    vertex 48.132298 -90.059624 0.999999
  endloop
endfacet
facet normal -0.042134 0.065561 0.000000
  outer loop
    vertex 48.043701 -90.116562 0.259999
    vertex 48.132298 -90.059624 0.999999
    vertex 48.132298 -90.059624 0.259999
  endloop
endfacet
facet normal -0.058896 0.051035 0.000000
  outer loop
    vertex 48.132298 -90.059624 0.259999
    vertex 48.132298 -90.059624 0.999999
    vertex 48.201263 -89.980034 0.999999
  endloop
endfacet
facet normal -0.058896 0.051035 0.000000
  outer loop
    vertex 48.132298 -90.059624 0.259999
    vertex 48.201263 -89.980034 0.999999
    vertex 48.201263 -89.980034 0.259999
  endloop
endfacet
facet normal -0.070888 0.032373 0.000000
  outer loop
    vertex 48.201263 -89.980034 0.259999
    vertex 48.201263 -89.980034 0.999999
    vertex 48.245010 -89.884239 0.999999
  endloop
endfacet
facet normal -0.070888 0.032373 0.000000
  outer loop
    vertex 48.201263 -89.980034 0.259999
    vertex 48.245010 -89.884239 0.999999
    vertex 48.245010 -89.884239 0.259999
  endloop
endfacet
facet normal -0.077138 0.011091 0.000000
  outer loop
    vertex 48.245010 -89.884239 0.259999
    vertex 48.245010 -89.884239 0.999999
    vertex 48.259998 -89.779999 0.999999
  endloop
endfacet
facet normal -0.077138 0.011091 0.000000
  outer loop
    vertex 48.245010 -89.884239 0.259999
    vertex 48.259998 -89.779999 0.999999
    vertex 48.259998 -89.779999 0.259999
  endloop
endfacet
facet normal 0.000000 0.000000 0.000000
  outer loop
    vertex 48.259998 -89.779999 0.259999
    vertex 48.259998 -89.779999 0.999999
    vertex 48.259998 -89.779999 0.999999
  endloop
endfacet
facet normal 0.000000 0.000000 0.000000
  outer loop
    vertex 48.259998 -89.779999 0.259999
    vertex 48.259998 -89.779999 0.999999
    vertex 48.259998 -89.779999 0.259999
  endloop
endfacet
facet normal 0.000000 0.000000 0.038569
  outer loop
    vertex 47.889999 -89.779999 0.259999
    vertex 48.259998 -89.779999 0.259999
    vertex 48.245010 -89.675758 0.259999
  endloop
endfacet
facet normal 0.000000 0.000000 -0.038569
  outer loop
    vertex 47.889999 -89.779999 0.999999
    vertex 48.245010 -89.675758 0.999999
    vertex 48.259998 -89.779999 0.999999
  endloop
endfacet
facet normal 0.000000 0.000000 0.038568
  outer loop
    vertex 47.889999 -89.779999 0.259999
    vertex 48.245010 -89.675758 0.259999
    vertex 48.201263 -89.579964 0.259999
  endloop
endfacet
facet normal 0.000000 0.000000 -0.038568
  outer loop
    vertex 47.889999 -89.779999 0.999999
    vertex 48.201263 -89.579964 0.999999
    vertex 48.245010 -89.675758 0.999999
  endloop
endfacet
facet normal 0.000000 0.000000 0.038569
  outer loop
    vertex 47.889999 -89.779999 0.259999
    vertex 48.201263 -89.579964 0.259999
    vertex 48.132298 -89.500374 0.259999
  endloop
endfacet
facet normal 0.000000 0.000000 -0.038569
  outer loop
    vertex 47.889999 -89.779999 0.999999
    vertex 48.132298 -89.500374 0.999999
    vertex 48.201263 -89.579964 0.999999
  endloop
endfacet
facet normal 0.000000 0.000000 0.038570
  outer loop
    vertex 47.889999 -89.779999 0.259999
    vertex 48.132298 -89.500374 0.259999
    vertex 48.043701 -89.443436 0.259999
  endloop
endfacet
facet normal 0.000000 0.000000 -0.038570
  outer loop
    vertex 47.889999 -89.779999 0.999999
    vertex 48.043701 -89.443436 0.999999
    vertex 48.132298 -89.500374 0.999999
  endloop
endfacet
facet normal 0.000000 0.000000 0.038568
  outer loop
    vertex 47.889999 -89.779999 0.259999
    vertex 48.043701 -89.443436 0.259999
    vertex 47.942657 -89.413765 0.259999
  endloop
endfacet
facet normal 0.000000 0.000000 -0.038568
  outer loop
    vertex 47.889999 -89.779999 0.999999
    vertex 47.942657 -89.413765 0.999999
    vertex 48.043701 -89.443436 0.999999
  endloop
endfacet
facet normal 0.000000 -0.000000 0.038570
  outer loop
    vertex 47.889999 -89.779999 0.259999
    vertex 47.942657 -89.413765 0.259999
    vertex 47.837341 -89.413765 0.259999
  endloop
endfacet
facet normal 0.000000 0.000000 -0.038570
  outer loop
    vertex 47.889999 -89.779999 0.999999
    vertex 47.837341 -89.413765 0.999999
    vertex 47.942657 -89.413765 0.999999
  endloop
endfacet
facet normal 0.000000 0.000000 0.038568
  outer loop
    vertex 47.889999 -89.779999 0.259999
    vertex 47.837341 -89.413765 0.259999
    vertex 47.736298 -89.443436 0.259999
  endloop
endfacet
facet normal 0.000000 0.000000 -0.038568
  outer loop
    vertex 47.889999 -89.779999 0.999999
    vertex 47.736298 -89.443436 0.999999
    vertex 47.837341 -89.413765 0.999999
  endloop
endfacet
facet normal 0.000000 0.000000 0.038570
  outer loop
    vertex 47.889999 -89.779999 0.259999
    vertex 47.736298 -89.443436 0.259999
    vertex 47.647701 -89.500374 0.259999
  endloop
endfacet
facet normal 0.000000 0.000000 -0.038570
  outer loop
    vertex 47.889999 -89.779999 0.999999
    vertex 47.647701 -89.500374 0.999999
    vertex 47.736298 -89.443436 0.999999
  endloop
endfacet
facet normal 0.000000 0.000000 0.038569
  outer loop
    vertex 47.889999 -89.779999 0.259999
    vertex 47.647701 -89.500374 0.259999
    vertex 47.578735 -89.579964 0.259999
  endloop
endfacet
facet normal 0.000000 0.000000 -0.038569
  outer loop
    vertex 47.889999 -89.779999 0.999999
    vertex 47.578735 -89.579964 0.999999
    vertex 47.647701 -89.500374 0.999999
  endloop
endfacet
facet normal 0.000000 0.000000 0.038568
  outer loop
    vertex 47.889999 -89.779999 0.259999
    vertex 47.578735 -89.579964 0.259999
    vertex 47.534988 -89.675758 0.259999
  endloop
endfacet
facet normal 0.000000 0.000000 -0.038568
  outer loop
    vertex 47.889999 -89.779999 0.999999
    vertex 47.534988 -89.675758 0.999999
    vertex 47.578735 -89.579964 0.999999
  endloop
endfacet
facet normal 0.000000 0.000000 0.038569
  outer loop
    vertex 47.889999 -89.779999 0.259999
    vertex 47.534988 -89.675758 0.259999
    vertex 47.520000 -89.779999 0.259999
  endloop
endfacet
facet normal 0.000000 0.000000 -0.038569
  outer loop
    vertex 47.889999 -89.779999 0.999999
    vertex 47.520000 -89.779999 0.999999
    vertex 47.534988 -89.675758 0.999999
  endloop
endfacet
facet normal 0.000000 0.000000 0.038569
  outer loop
    vertex 47.889999 -89.779999 0.259999
    vertex 47.520000 -89.779999 0.259999
    vertex 47.534988 -89.884239 0.259999
  endloop
endfacet
facet normal -0.000000 0.000000 -0.038569
  outer loop
    vertex 47.889999 -89.779999 0.999999
    vertex 47.534988 -89.884239 0.999999
    vertex 47.520000 -89.779999 0.999999
  endloop
endfacet
facet normal 0.000000 0.000000 0.038568
  outer loop
    vertex 47.889999 -89.779999 0.259999
    vertex 47.534988 -89.884239 0.259999
    vertex 47.578735 -89.980034 0.259999
  endloop
endfacet
facet normal 0.000000 0.000000 -0.038568
  outer loop
    vertex 47.889999 -89.779999 0.999999
    vertex 47.578735 -89.980034 0.999999
    vertex 47.534988 -89.884239 0.999999
  endloop
endfacet
facet normal 0.000000 0.000000 0.038569
  outer loop
    vertex 47.889999 -89.779999 0.259999
    vertex 47.578735 -89.980034 0.259999
    vertex 47.647701 -90.059624 0.259999
  endloop
endfacet
facet normal 0.000000 0.000000 -0.038569
  outer loop
    vertex 47.889999 -89.779999 0.999999
    vertex 47.647701 -90.059624 0.999999
    vertex 47.578735 -89.980034 0.999999
  endloop
endfacet
facet normal 0.000000 0.000000 0.038570
  outer loop
    vertex 47.889999 -89.779999 0.259999
    vertex 47.647701 -90.059624 0.259999
    vertex 47.736298 -90.116562 0.259999
  endloop
endfacet
facet normal 0.000000 0.000000 -0.038570
  outer loop
    vertex 47.889999 -89.779999 0.999999
    vertex 47.736298 -90.116562 0.999999
    vertex 47.647701 -90.059624 0.999999
  endloop
endfacet
facet normal 0.000000 0.000000 0.038568
  outer loop
    vertex 47.889999 -89.779999 0.259999
    vertex 47.736298 -90.116562 0.259999
    vertex 47.837341 -90.146233 0.259999
  endloop
endfacet
facet normal 0.000000 0.000000 -0.038568
  outer loop
    vertex 47.889999 -89.779999 0.999999
    vertex 47.837341 -90.146233 0.999999
    vertex 47.736298 -90.116562 0.999999
  endloop
endfacet
facet normal 0.000000 0.000000 0.038570
  outer loop
    vertex 47.889999 -89.779999 0.259999
    vertex 47.837341 -90.146233 0.259999
    vertex 47.942657 -90.146233 0.259999
  endloop
endfacet
facet normal 0.000000 -0.000000 -0.038570
  outer loop
    vertex 47.889999 -89.779999 0.999999
    vertex 47.942657 -90.146233 0.999999
    vertex 47.837341 -90.146233 0.999999
  endloop
endfacet
facet normal 0.000000 0.000000 0.038568
  outer loop
    vertex 47.889999 -89.779999 0.259999
    vertex 47.942657 -90.146233 0.259999
    vertex 48.043701 -90.116562 0.259999
  endloop
endfacet
facet normal 0.000000 0.000000 -0.038568
  outer loop
    vertex 47.889999 -89.779999 0.999999
    vertex 48.043701 -90.116562 0.999999
    vertex 47.942657 -90.146233 0.999999
  endloop
endfacet
facet normal 0.000000 0.000000 0.038570
  outer loop
    vertex 47.889999 -89.779999 0.259999
    vertex 48.043701 -90.116562 0.259999
    vertex 48.132298 -90.059624 0.259999
  endloop
endfacet
facet normal 0.000000 0.000000 -0.038570
  outer loop
    vertex 47.889999 -89.779999 0.999999
    vertex 48.132298 -90.059624 0.999999
    vertex 48.043701 -90.116562 0.999999
  endloop
endfacet
facet normal 0.000000 0.000000 0.038569
  outer loop
    vertex 47.889999 -89.779999 0.259999
    vertex 48.132298 -90.059624 0.259999
    vertex 48.201263 -89.980034 0.259999
  endloop
endfacet
facet normal 0.000000 0.000000 -0.038569
  outer loop
    vertex 47.889999 -89.779999 0.999999
    vertex 48.201263 -89.980034 0.999999
    vertex 48.132298 -90.059624 0.999999
  endloop
endfacet
facet normal 0.000000 0.000000 0.038568
  outer loop
    vertex 47.889999 -89.779999 0.259999
    vertex 48.201263 -89.980034 0.259999
    vertex 48.245010 -89.884239 0.259999
  endloop
endfacet
facet normal 0.000000 0.000000 -0.038568
  outer loop
    vertex 47.889999 -89.779999 0.999999
    vertex 48.245010 -89.884239 0.999999
    vertex 48.201263 -89.980034 0.999999
  endloop
endfacet
facet normal -0.000000 0.000000 0.038569
  outer loop
    vertex 47.889999 -89.779999 0.259999
    vertex 48.245010 -89.884239 0.259999
    vertex 48.259998 -89.779999 0.259999
  endloop
endfacet
facet normal 0.000000 0.000000 -0.038569
  outer loop
    vertex 47.889999 -89.779999 0.999999
    vertex 48.259998 -89.779999 0.999999
    vertex 48.245010 -89.884239 0.999999
  endloop
endfacet
facet normal 0.000000 0.000000 0.000000
  outer loop
    vertex 47.889999 -89.779999 0.259999
    vertex 48.259998 -89.779999 0.259999
    vertex 48.259998 -89.779999 0.259999
  endloop
endfacet
facet normal 0.000000 0.000000 0.000000
  outer loop
    vertex 47.889999 -89.779999 0.999999
    vertex 48.259998 -89.779999 0.999999
    vertex 48.259998 -89.779999 0.999999
  endloop
endfacet
facet normal -0.103958 -0.010925 0.000000
  outer loop
    vertex 102.330002 -203.690002 -0.190001
    vertex 102.330002 -203.690002 0.809999
    vertex 102.319077 -203.586044 0.809999
  endloop
endfacet
facet normal -0.103958 -0.010925 0.000000
  outer loop
    vertex 102.330002 -203.690002 -0.190001
    vertex 102.319077 -203.586044 0.809999
    vertex 102.319077 -203.586044 -0.190001
  endloop
endfacet
facet normal -0.099411 -0.032303 0.000000
  outer loop
    vertex 102.319077 -203.586044 -0.190001
    vertex 102.319077 -203.586044 0.809999
    vertex 102.286774 -203.486633 0.809999
  endloop
endfacet
facet normal -0.099411 -0.032303 0.000000
  outer loop
    vertex 102.319077 -203.586044 -0.190001
    vertex 102.286774 -203.486633 0.809999
    vertex 102.286774 -203.486633 -0.190001
  endloop
endfacet
facet normal -0.090530 -0.052261 0.000000
  outer loop
    vertex 102.286774 -203.486633 -0.190001
    vertex 102.286774 -203.486633 0.809999
    vertex 102.234512 -203.396103 0.809999
  endloop
endfacet
facet normal -0.090530 -0.052261 0.000000
  outer loop
    vertex 102.286774 -203.486633 -0.190001
    vertex 102.234512 -203.396103 0.809999
    vertex 102.234512 -203.396103 -0.190001
  endloop
endfacet
facet normal -0.077667 -0.069946 0.000000
  outer loop
    vertex 102.234512 -203.396103 -0.190001
    vertex 102.234512 -203.396103 0.809999
    vertex 102.164566 -203.318436 0.809999
  endloop
endfacet
facet normal -0.077667 -0.069946 0.000000
  outer loop
    vertex 102.234512 -203.396103 -0.190001
    vertex 102.164566 -203.318436 0.809999
    vertex 102.164566 -203.318436 -0.190001
  endloop
endfacet
facet normal -0.061447 -0.084564 0.000000
  outer loop
    vertex 102.164566 -203.318436 -0.190001
    vertex 102.164566 -203.318436 0.809999
    vertex 102.080002 -203.256989 0.809999
  endloop
endfacet
facet normal -0.061447 -0.084564 0.000000
  outer loop
    vertex 102.164566 -203.318436 -0.190001
    vertex 102.080002 -203.256989 0.809999
    vertex 102.080002 -203.256989 -0.190001
  endloop
endfacet
facet normal -0.042511 -0.095490 0.000000
  outer loop
    vertex 102.080002 -203.256989 -0.190001
    vertex 102.080002 -203.256989 0.809999
    vertex 101.984512 -203.214478 0.809999
  endloop
endfacet
facet normal -0.042511 -0.095490 0.000000
  outer loop
    vertex 102.080002 -203.256989 -0.190001
    vertex 101.984512 -203.214478 0.809999
    vertex 101.984512 -203.214478 -0.190001
  endloop
endfacet
facet normal -0.021729 -0.102249 0.000000
  outer loop
    vertex 101.984512 -203.214478 -0.190001
    vertex 101.984512 -203.214478 0.809999
    vertex 101.882263 -203.192749 0.809999
  endloop
endfacet
facet normal -0.021729 -0.102249 0.000000
  outer loop
    vertex 101.984512 -203.214478 -0.190001
    vertex 101.882263 -203.192749 0.809999
    vertex 101.882263 -203.192749 -0.190001
  endloop
endfacet
facet normal 0.000000 -0.104523 0.000000
  outer loop
    vertex 101.882263 -203.192749 -0.190001
    vertex 101.882263 -203.192749 0.809999
    vertex 101.777740 -203.192749 0.809999
  endloop
endfacet
facet normal 0.000000 -0.104523 0.000000
  outer loop
    vertex 101.882263 -203.192749 -0.190001
    vertex 101.777740 -203.192749 0.809999
    vertex 101.777740 -203.192749 -0.190001
  endloop
endfacet
facet normal 0.021729 -0.102249 0.000000
  outer loop
    vertex 101.777740 -203.192749 -0.190001
    vertex 101.777740 -203.192749 0.809999
    vertex 101.675491 -203.214478 0.809999
  endloop
endfacet
facet normal 0.021729 -0.102249 0.000000
  outer loop
    vertex 101.777740 -203.192749 -0.190001
    vertex 101.675491 -203.214478 0.809999
    vertex 101.675491 -203.214478 -0.190001
  endloop
endfacet
facet normal 0.042511 -0.095490 0.000000
  outer loop
    vertex 101.675491 -203.214478 -0.190001
    vertex 101.675491 -203.214478 0.809999
    vertex 101.580002 -203.256989 0.809999
  endloop
endfacet
facet normal 0.042511 -0.095490 0.000000
  outer loop
    vertex 101.675491 -203.214478 -0.190001
    vertex 101.580002 -203.256989 0.809999
    vertex 101.580002 -203.256989 -0.190001
  endloop
endfacet
facet normal 0.061447 -0.084564 0.000000
  outer loop
    vertex 101.580002 -203.256989 -0.190001
    vertex 101.580002 -203.256989 0.809999
    vertex 101.495438 -203.318436 0.809999
  endloop
endfacet
facet normal 0.061447 -0.084564 0.000000
  outer loop
    vertex 101.580002 -203.256989 -0.190001
    vertex 101.495438 -203.318436 0.809999
    vertex 101.495438 -203.318436 -0.190001
  endloop
endfacet
facet normal 0.077667 -0.069946 0.000000
  outer loop
    vertex 101.495438 -203.318436 -0.190001
    vertex 101.495438 -203.318436 0.809999
    vertex 101.425491 -203.396103 0.809999
  endloop
endfacet
facet normal 0.077667 -0.069946 0.000000
  outer loop
    vertex 101.495438 -203.318436 -0.190001
    vertex 101.425491 -203.396103 0.809999
    vertex 101.425491 -203.396103 -0.190001
  endloop
endfacet
facet normal 0.090530 -0.052261 0.000000
  outer loop
    vertex 101.425491 -203.396103 -0.190001
    vertex 101.425491 -203.396103 0.809999
    vertex 101.373230 -203.486633 0.809999
  endloop
endfacet
facet normal 0.090530 -0.052261 0.000000
  outer loop
    vertex 101.425491 -203.396103 -0.190001
    vertex 101.373230 -203.486633 0.809999
    vertex 101.373230 -203.486633 -0.190001
  endloop
endfacet
facet normal 0.099411 -0.032303 0.000000
  outer loop
    vertex 101.373230 -203.486633 -0.190001
    vertex 101.373230 -203.486633 0.809999
    vertex 101.340927 -203.586044 0.809999
  endloop
endfacet
facet normal 0.099411 -0.032303 0.000000
  outer loop
    vertex 101.373230 -203.486633 -0.190001
    vertex 101.340927 -203.586044 0.809999
    vertex 101.340927 -203.586044 -0.190001
  endloop
endfacet
facet normal 0.103958 -0.010925 0.000000
  outer loop
    vertex 101.340927 -203.586044 -0.190001
    vertex 101.340927 -203.586044 0.809999
    vertex 101.330002 -203.690002 0.809999
  endloop
endfacet
facet normal 0.103958 -0.010925 0.000000
  outer loop
    vertex 101.340927 -203.586044 -0.190001
    vertex 101.330002 -203.690002 0.809999
    vertex 101.330002 -203.690002 -0.190001
  endloop
endfacet
facet normal 0.103958 0.010925 -0.000000
  outer loop
    vertex 101.330002 -203.690002 -0.190001
    vertex 101.330002 -203.690002 0.809999
    vertex 101.340927 -203.793961 0.809999
  endloop
endfacet
facet normal 0.103958 0.010925 0.000000
  outer loop
    vertex 101.330002 -203.690002 -0.190001
    vertex 101.340927 -203.793961 0.809999
    vertex 101.340927 -203.793961 -0.190001
  endloop
endfacet
facet normal -0.077138 -0.011091 0.000000
  outer loop
    vertex 48.259998 -89.779999 0.259999
    vertex 48.259998 -89.779999 0.999999
    vertex 48.245010 -89.675758 0.999999
  endloop
endfacet
facet normal -0.077138 -0.011091 0.000000
  outer loop
    vertex 48.259998 -89.779999 0.259999
    vertex 48.245010 -89.675758 0.999999
    vertex 48.245010 -89.675758 0.259999
  endloop
endfacet
facet normal -0.070888 -0.032373 0.000000
  outer loop
    vertex 48.245010 -89.675758 0.259999
    vertex 48.245010 -89.675758 0.999999
    vertex 48.201263 -89.579964 0.999999
  endloop
endfacet
facet normal -0.070888 -0.032373 0.000000
  outer loop
    vertex 48.245010 -89.675758 0.259999
    vertex 48.201263 -89.579964 0.999999
    vertex 48.201263 -89.579964 0.259999
  endloop
endfacet
facet normal -0.058896 -0.051035 0.000000
  outer loop
    vertex 48.201263 -89.579964 0.259999
    vertex 48.201263 -89.579964 0.999999
    vertex 48.132298 -89.500374 0.999999
  endloop
endfacet
facet normal -0.058896 -0.051035 0.000000
  outer loop
    vertex 48.201263 -89.579964 0.259999
    vertex 48.132298 -89.500374 0.999999
    vertex 48.132298 -89.500374 0.259999
  endloop
endfacet
facet normal -0.042134 -0.065561 0.000000
  outer loop
    vertex 48.132298 -89.500374 0.259999
    vertex 48.132298 -89.500374 0.999999
    vertex 48.043701 -89.443436 0.999999
  endloop
endfacet
facet normal -0.042134 -0.065561 0.000000
  outer loop
    vertex 48.132298 -89.500374 0.259999
    vertex 48.043701 -89.443436 0.999999
    vertex 48.043701 -89.443436 0.259999
  endloop
endfacet
facet normal -0.021956 -0.074772 0.000000
  outer loop
    vertex 48.043701 -89.443436 0.259999
    vertex 48.043701 -89.443436 0.999999
    vertex 47.942657 -89.413765 0.999999
  endloop
endfacet
facet normal -0.021956 -0.074772 0.000000
  outer loop
    vertex 48.043701 -89.443436 0.259999
    vertex 47.942657 -89.413765 0.999999
    vertex 47.942657 -89.413765 0.259999
  endloop
endfacet
facet normal 0.000000 -0.077934 0.000000
  outer loop
    vertex 47.942657 -89.413765 0.259999
    vertex 47.942657 -89.413765 0.999999
    vertex 47.837341 -89.413765 0.999999
  endloop
endfacet
facet normal 0.000000 -0.077934 0.000000
  outer loop
    vertex 47.942657 -89.413765 0.259999
    vertex 47.837341 -89.413765 0.999999
    vertex 47.837341 -89.413765 0.259999
  endloop
endfacet
facet normal 0.021956 -0.074772 0.000000
  outer loop
    vertex 47.837341 -89.413765 0.259999
    vertex 47.837341 -89.413765 0.999999
    vertex 47.736298 -89.443436 0.999999
  endloop
endfacet
facet normal 0.021956 -0.074772 0.000000
  outer loop
    vertex 47.837341 -89.413765 0.259999
    vertex 47.736298 -89.443436 0.999999
    vertex 47.736298 -89.443436 0.259999
  endloop
endfacet
facet normal 0.042134 -0.065561 0.000000
  outer loop
    vertex 47.736298 -89.443436 0.259999
    vertex 47.736298 -89.443436 0.999999
    vertex 47.647701 -89.500374 0.999999
  endloop
endfacet
facet normal 0.042134 -0.065561 0.000000
  outer loop
    vertex 47.736298 -89.443436 0.259999
    vertex 47.647701 -89.500374 0.999999
    vertex 47.647701 -89.500374 0.259999
  endloop
endfacet
facet normal 0.058896 -0.051035 0.000000
  outer loop
    vertex 47.647701 -89.500374 0.259999
    vertex 47.647701 -89.500374 0.999999
    vertex 47.578735 -89.579964 0.999999
  endloop
endfacet
facet normal 0.058896 -0.051035 0.000000
  outer loop
    vertex 47.647701 -89.500374 0.259999
    vertex 47.578735 -89.579964 0.999999
    vertex 47.578735 -89.579964 0.259999
  endloop
endfacet
facet normal 0.070888 -0.032373 0.000000
  outer loop
    vertex 47.578735 -89.579964 0.259999
    vertex 47.578735 -89.579964 0.999999
    vertex 47.534988 -89.675758 0.999999
  endloop
endfacet
facet normal 0.070888 -0.032373 0.000000
  outer loop
    vertex 47.578735 -89.579964 0.259999
    vertex 47.534988 -89.675758 0.999999
    vertex 47.534988 -89.675758 0.259999
  endloop
endfacet
facet normal 0.077138 -0.011091 0.000000
  outer loop
    vertex 47.534988 -89.675758 0.259999
    vertex 47.534988 -89.675758 0.999999
    vertex 47.520000 -89.779999 0.999999
  endloop
endfacet
facet normal 0.077138 -0.011091 0.000000
  outer loop
    vertex 47.534988 -89.675758 0.259999
    vertex 47.520000 -89.779999 0.999999
    vertex 47.520000 -89.779999 0.259999
  endloop
endfacet
facet normal 0.077138 0.011091 -0.000000
  outer loop
    vertex 47.520000 -89.779999 0.259999
    vertex 47.520000 -89.779999 0.999999
    vertex 47.534988 -89.884239 0.999999
  endloop
endfacet
facet normal 0.077138 0.011091 0.000000
  outer loop
    vertex 47.520000 -89.779999 0.259999
    vertex 47.534988 -89.884239 0.999999
    vertex 47.534988 -89.884239 0.259999
  endloop
endfacet
facet normal 0.070888 0.032373 -0.000000
  outer loop
    vertex 47.534988 -89.884239 0.259999
    vertex 47.534988 -89.884239 0.999999
    vertex 47.578735 -89.980034 0.999999
  endloop
endfacet
facet normal 0.070888 0.032373 0.000000
  outer loop
    vertex 47.534988 -89.884239 0.259999
    vertex 47.578735 -89.980034 0.999999
    vertex 47.578735 -89.980034 0.259999
  endloop
endfacet
facet normal 0.058896 0.051035 -0.000000
  outer loop
    vertex 47.578735 -89.980034 0.259999
    vertex 47.578735 -89.980034 0.999999
    vertex 47.647701 -90.059624 0.999999
  endloop
endfacet
facet normal 0.058896 0.051035 0.000000
  outer loop
    vertex 47.578735 -89.980034 0.259999
    vertex 47.647701 -90.059624 0.999999
    vertex 47.647701 -90.059624 0.259999
  endloop
endfacet
facet normal 0.042134 0.065561 -0.000000
  outer loop
    vertex 47.647701 -90.059624 0.259999
    vertex 47.647701 -90.059624 0.999999
    vertex 47.736298 -90.116562 0.999999
  endloop
endfacet
facet normal 0.042134 0.065561 0.000000
  outer loop
    vertex 47.647701 -90.059624 0.259999
    vertex 47.736298 -90.116562 0.999999
    vertex 47.736298 -90.116562 0.259999
  endloop
endfacet
facet normal 0.021956 0.074772 -0.000000
  outer loop
    vertex 47.736298 -90.116562 0.259999
    vertex 47.736298 -90.116562 0.999999
    vertex 47.837341 -90.146233 0.999999
  endloop
endfacet
facet normal 0.021956 0.074772 0.000000
  outer loop
    vertex 47.736298 -90.116562 0.259999
    vertex 47.837341 -90.146233 0.999999
    vertex 47.837341 -90.146233 0.259999
  endloop
endfacet
facet normal 0.000000 0.077934 0.000000
  outer loop
    vertex 47.837341 -90.146233 0.259999
    vertex 47.837341 -90.146233 0.999999
    vertex 47.942657 -90.146233 0.999999
  endloop
endfacet
facet normal 0.000000 0.077934 0.000000
  outer loop
    vertex 47.837341 -90.146233 0.259999
    vertex 47.942657 -90.146233 0.999999
    vertex 47.942657 -90.146233 0.259999
  endloop
endfacet
facet normal -0.021956 0.074772 0.000000
  outer loop
    vertex 47.942657 -90.146233 0.259999
    vertex 47.942657 -90.146233 0.999999
    vertex 48.043701 -90.116562 0.999999
  endloop
endfacet
facet normal -0.021956 0.074772 0.000000
  outer loop
    vertex 47.942657 -90.146233 0.259999
    vertex 48.043701 -90.116562 0.999999
    vertex 48.043701 -90.116562 0.259999
  endloop
endfacet
facet normal -0.042134 0.065561 0.000000
  outer loop
    vertex 48.043701 -90.116562 0.259999
    vertex 48.043701 -90.116562 0.999999
    vertex 48.132298 -90.059624 0.999999
  endloop
endfacet
facet normal -0.042134 0.065561 0.000000
  outer loop
    vertex 48.043701 -90.116562 0.259999
    vertex 48.132298 -90.059624 0.999999
    vertex 48.132298 -90.059624 0.259999
  endloop
endfacet
facet normal -0.058896 0.051035 0.000000
  outer loop
    vertex 48.132298 -90.059624 0.259999
    vertex 48.132298 -90.059624 0.999999
    vertex 48.201263 -89.980034 0.999999
  endloop
endfacet
facet normal -0.058896 0.051035 0.000000
  outer loop
    vertex 48.132298 -90.059624 0.259999
    vertex 48.201263 -89.980034 0.999999
    vertex 48.201263 -89.980034 0.259999
  endloop
endfacet
facet normal -0.070888 0.032373 0.000000
  outer loop
    vertex 48.201263 -89.980034 0.259999
    vertex 48.201263 -89.980034 0.999999
    vertex 48.245010 -89.884239 0.999999
  endloop
endfacet
facet normal -0.070888 0.032373 0.000000
  outer loop
    vertex 48.201263 -89.980034 0.259999
    vertex 48.245010 -89.884239 0.999999
    vertex 48.245010 -89.884239 0.259999
  endloop
endfacet
facet normal -0.077138 0.011091 0.000000
  outer loop
    vertex 48.245010 -89.884239 0.259999
    vertex 48.245010 -89.884239 0.999999
    vertex 48.259998 -89.779999 0.999999
  endloop
endfacet
facet normal -0.077138 0.011091 0.000000
  outer loop
    vertex 48.245010 -89.884239 0.259999
    vertex 48.259998 -89.779999 0.999999
    vertex 48.259998 -89.779999 0.259999
  endloop
endfacet
facet normal 0.000000 0.000000 0.000000
  outer loop
    vertex 48.259998 -89.779999 0.259999
    vertex 48.259998 -89.779999 0.999999
    vertex 48.259998 -89.779999 0.999999
  endloop
endfacet
facet normal 0.000000 0.000000 0.000000
  outer loop
    vertex 48.259998 -89.779999 0.259999
    vertex 48.259998 -89.779999 0.999999
    vertex 48.259998 -89.779999 0.259999
  endloop
endfacet
facet normal 0.000000 0.000000 0.038569
  outer loop
    vertex 47.889999 -89.779999 0.259999
    vertex 48.259998 -89.779999 0.259999
    vertex 48.245010 -89.675758 0.259999
  endloop
endfacet
facet normal 0.000000 0.000000 -0.038569
  outer loop
    vertex 47.889999 -89.779999 0.999999
    vertex 48.245010 -89.675758 0.999999
    vertex 48.259998 -89.779999 0.999999
  endloop
endfacet
facet normal 0.000000 0.000000 0.038568
  outer loop
    vertex 47.889999 -89.779999 0.259999
    vertex 48.245010 -89.675758 0.259999
    vertex 48.201263 -89.579964 0.259999
  endloop
endfacet
facet normal 0.000000 0.000000 -0.038568
  outer loop
    vertex 47.889999 -89.779999 0.999999
    vertex 48.201263 -89.579964 0.999999
    vertex 48.245010 -89.675758 0.999999
  endloop
endfacet
facet normal 0.000000 0.000000 0.038569
  outer loop
    vertex 47.889999 -89.779999 0.259999
    vertex 48.201263 -89.579964 0.259999
    vertex 48.132298 -89.500374 0.259999
  endloop
endfacet
facet normal 0.000000 0.000000 -0.038569
  outer loop
    vertex 47.889999 -89.779999 0.999999
    vertex 48.132298 -89.500374 0.999999
    vertex 48.201263 -89.579964 0.999999
  endloop
endfacet
facet normal 0.000000 0.000000 0.038570
  outer loop
    vertex 47.889999 -89.779999 0.259999
    vertex 48.132298 -89.500374 0.259999
    vertex 48.043701 -89.443436 0.259999
  endloop
endfacet
facet normal 0.000000 0.000000 -0.038570
  outer loop
    vertex 47.889999 -89.779999 0.999999
    vertex 48.043701 -89.443436 0.999999
    vertex 48.132298 -89.500374 0.999999
  endloop
endfacet
facet normal 0.000000 0.000000 0.038568
  outer loop
    vertex 47.889999 -89.779999 0.259999
    vertex 48.043701 -89.443436 0.259999
    vertex 47.942657 -89.413765 0.259999
  endloop
endfacet
facet normal 0.000000 0.000000 -0.038568
  outer loop
    vertex 47.889999 -89.779999 0.999999
    vertex 47.942657 -89.413765 0.999999
    vertex 48.043701 -89.443436 0.999999
  endloop
endfacet
facet normal 0.000000 -0.000000 0.038570
  outer loop
    vertex 47.889999 -89.779999 0.259999
    vertex 47.942657 -89.413765 0.259999
    vertex 47.837341 -89.413765 0.259999
  endloop
endfacet
facet normal 0.000000 0.000000 -0.038570
  outer loop
    vertex 47.889999 -89.779999 0.999999
    vertex 47.837341 -89.413765 0.999999
    vertex 47.942657 -89.413765 0.999999
  endloop
endfacet
facet normal 0.000000 0.000000 0.038568
  outer loop
    vertex 47.889999 -89.779999 0.259999
    vertex 47.837341 -89.413765 0.259999
    vertex 47.736298 -89.443436 0.259999
  endloop
endfacet
facet normal 0.000000 0.000000 -0.038568
  outer loop
    vertex 47.889999 -89.779999 0.999999
    vertex 47.736298 -89.443436 0.999999
    vertex 47.837341 -89.413765 0.999999
  endloop
endfacet
facet normal 0.000000 0.000000 0.038570
  outer loop
    vertex 47.889999 -89.779999 0.259999
    vertex 47.736298 -89.443436 0.259999
    vertex 47.647701 -89.500374 0.259999
  endloop
endfacet
facet normal 0.000000 0.000000 -0.038570
  outer loop
    vertex 47.889999 -89.779999 0.999999
    vertex 47.647701 -89.500374 0.999999
    vertex 47.736298 -89.443436 0.999999
  endloop
endfacet
facet normal 0.000000 0.000000 0.038569
  outer loop
    vertex 47.889999 -89.779999 0.259999
    vertex 47.647701 -89.500374 0.259999
    vertex 47.578735 -89.579964 0.259999
  endloop
endfacet
facet normal 0.000000 0.000000 -0.038569
  outer loop
    vertex 47.889999 -89.779999 0.999999
    vertex 47.578735 -89.579964 0.999999
    vertex 47.647701 -89.500374 0.999999
  endloop
endfacet
facet normal 0.000000 0.000000 0.038568
  outer loop
    vertex 47.889999 -89.779999 0.259999
    vertex 47.578735 -89.579964 0.259999
    vertex 47.534988 -89.675758 0.259999
  endloop
endfacet
facet normal 0.000000 0.000000 -0.038568
  outer loop
    vertex 47.889999 -89.779999 0.999999
    vertex 47.534988 -89.675758 0.999999
    vertex 47.578735 -89.579964 0.999999
  endloop
endfacet
facet normal 0.000000 0.000000 0.038569
  outer loop
    vertex 47.889999 -89.779999 0.259999
    vertex 47.534988 -89.675758 0.259999
    vertex 47.520000 -89.779999 0.259999
  endloop
endfacet
facet normal 0.000000 0.000000 -0.038569
  outer loop
    vertex 47.889999 -89.779999 0.999999
    vertex 47.520000 -89.779999 0.999999
    vertex 47.534988 -89.675758 0.999999
  endloop
endfacet
facet normal 0.000000 0.000000 0.038569
  outer loop
    vertex 47.889999 -89.779999 0.259999
    vertex 47.520000 -89.779999 0.259999
    vertex 47.534988 -89.884239 0.259999
  endloop
endfacet
facet normal -0.000000 0.000000 -0.038569
  outer loop
    vertex 47.889999 -89.779999 0.999999
    vertex 47.534988 -89.884239 0.999999
    vertex 47.520000 -89.779999 0.999999
  endloop
endfacet
facet normal 0.000000 0.000000 0.038568
  outer loop
    vertex 47.889999 -89.779999 0.259999
    vertex 47.534988 -89.884239 0.259999
    vertex 47.578735 -89.980034 0.259999
  endloop
endfacet
facet normal 0.000000 0.000000 -0.038568
  outer loop
    vertex 47.889999 -89.779999 0.999999
    vertex 47.578735 -89.980034 0.999999
    vertex 47.534988 -89.884239 0.999999
  endloop
endfacet
facet normal 0.000000 0.000000 0.038569
  outer loop
    vertex 47.889999 -89.779999 0.259999
    vertex 47.578735 -89.980034 0.259999
    vertex 47.647701 -90.059624 0.259999
  endloop
endfacet
facet normal 0.000000 0.000000 -0.038569
  outer loop
    vertex 47.889999 -89.779999 0.999999
    vertex 47.647701 -90.059624 0.999999
    vertex 47.578735 -89.980034 0.999999
  endloop
endfacet
facet normal 0.000000 0.000000 0.038570
  outer loop
    vertex 47.889999 -89.779999 0.259999
    vertex 47.647701 -90.059624 0.259999
    vertex 47.736298 -90.116562 0.259999
  endloop
endfacet
facet normal 0.000000 0.000000 -0.038570
  outer loop
    vertex 47.889999 -89.779999 0.999999
    vertex 47.736298 -90.116562 0.999999
    vertex 47.647701 -90.059624 0.999999
  endloop
endfacet
facet normal 0.000000 0.000000 0.038568
  outer loop
    vertex 47.889999 -89.779999 0.259999
    vertex 47.736298 -90.116562 0.259999
    vertex 47.837341 -90.146233 0.259999
  endloop
endfacet
facet normal 0.000000 0.000000 -0.038568
  outer loop
    vertex 47.889999 -89.779999 0.999999
    vertex 47.837341 -90.146233 0.999999
    vertex 47.736298 -90.116562 0.999999
  endloop
endfacet
facet normal 0.000000 0.000000 0.038570
  outer loop
    vertex 47.889999 -89.779999 0.259999
    vertex 47.837341 -90.146233 0.259999
    vertex 47.942657 -90.146233 0.259999
  endloop
endfacet
facet normal 0.000000 -0.000000 -0.038570
  outer loop
    vertex 47.889999 -89.779999 0.999999
    vertex 47.942657 -90.146233 0.999999
    vertex 47.837341 -90.146233 0.999999
  endloop
endfacet
facet normal 0.000000 0.000000 0.038568
  outer loop
    vertex 47.889999 -89.779999 0.259999
    vertex 47.942657 -90.146233 0.259999
    vertex 48.043701 -90.116562 0.259999
  endloop
endfacet
facet normal 0.000000 0.000000 -0.038568
  outer loop
    vertex 47.889999 -89.779999 0.999999
    vertex 48.043701 -90.116562 0.999999
    vertex 47.942657 -90.146233 0.999999
  endloop
endfacet
facet normal 0.000000 0.000000 0.038570
  outer loop
    vertex 47.889999 -89.779999 0.259999
    vertex 48.043701 -90.116562 0.259999
    vertex 48.132298 -90.059624 0.259999
  endloop
endfacet
facet normal 0.000000 0.000000 -0.038570
  outer loop
    vertex 47.889999 -89.779999 0.999999
    vertex 48.132298 -90.059624 0.999999
    vertex 48.043701 -90.116562 0.999999
  endloop
endfacet
facet normal 0.000000 0.000000 0.038569
  outer loop
    vertex 47.889999 -89.779999 0.259999
    vertex 48.132298 -90.059624 0.259999
    vertex 48.201263 -89.980034 0.259999
  endloop
endfacet
facet normal 0.000000 0.000000 -0.038569
  outer loop
    vertex 47.889999 -89.779999 0.999999
    vertex 48.201263 -89.980034 0.999999
    vertex 48.132298 -90.059624 0.999999
  endloop
endfacet
facet normal 0.000000 0.000000 0.038568
  outer loop
    vertex 47.889999 -89.779999 0.259999
    vertex 48.201263 -89.980034 0.259999
    vertex 48.245010 -89.884239 0.259999
  endloop
endfacet
facet normal 0.000000 0.000000 -0.038568
  outer loop
    vertex 47.889999 -89.779999 0.999999
    vertex 48.245010 -89.884239 0.999999
    vertex 48.201263 -89.980034 0.999999
  endloop
endfacet
facet normal -0.000000 0.000000 0.038569
  outer loop
    vertex 47.889999 -89.779999 0.259999
    vertex 48.245010 -89.884239 0.259999
    vertex 48.259998 -89.779999 0.259999
  endloop
endfacet
facet normal 0.000000 0.000000 -0.038569
  outer loop
    vertex 47.889999 -89.779999 0.999999
    vertex 48.259998 -89.779999 0.999999
    vertex 48.245010 -89.884239 0.999999
  endloop
endfacet
facet normal 0.000000 0.000000 0.000000
  outer loop
    vertex 47.889999 -89.779999 0.259999
    vertex 48.259998 -89.779999 0.259999
    vertex 48.259998 -89.779999 0.259999
  endloop
endfacet
facet normal 0.000000 0.000000 0.000000
  outer loop
    vertex 47.889999 -89.779999 0.999999
    vertex 48.259998 -89.779999 0.999999
    vertex 48.259998 -89.779999 0.999999
  endloop
endfacet
facet normal -0.103958 -0.010925 0.000000
  outer loop
    vertex 102.330002 -203.690002 -0.190001
    vertex 102.330002 -203.690002 0.809999
    vertex 102.319077 -203.586044 0.809999
  endloop
endfacet
facet normal -0.103958 -0.010925 0.000000
  outer loop
    vertex 102.330002 -203.690002 -0.190001
    vertex 102.319077 -203.586044 0.809999
    vertex 102.319077 -203.586044 -0.190001
  endloop
endfacet
facet normal -0.099411 -0.032303 0.000000
  outer loop
    vertex 102.319077 -203.586044 -0.190001
    vertex 102.319077 -203.586044 0.809999
    vertex 102.286774 -203.486633 0.809999
  endloop
endfacet
facet normal -0.099411 -0.032303 0.000000
  outer loop
    vertex 102.319077 -203.586044 -0.190001
    vertex 102.286774 -203.486633 0.809999
    vertex 102.286774 -203.486633 -0.190001
  endloop
endfacet
facet normal -0.090530 -0.052261 0.000000
  outer loop
    vertex 102.286774 -203.486633 -0.190001
    vertex 102.286774 -203.486633 0.809999
    vertex 102.234512 -203.396103 0.809999
  endloop
endfacet
facet normal -0.090530 -0.052261 0.000000
  outer loop
    vertex 102.286774 -203.486633 -0.190001
    vertex 102.234512 -203.396103 0.809999
    vertex 102.234512 -203.396103 -0.190001
  endloop
endfacet
facet normal -0.077667 -0.069946 0.000000
  outer loop
    vertex 102.234512 -203.396103 -0.190001
    vertex 102.234512 -203.396103 0.809999
    vertex 102.164566 -203.318436 0.809999
  endloop
endfacet
facet normal -0.077667 -0.069946 0.000000
  outer loop
    vertex 102.234512 -203.396103 -0.190001
    vertex 102.164566 -203.318436 0.809999
    vertex 102.164566 -203.318436 -0.190001
  endloop
endfacet
facet normal -0.061447 -0.084564 0.000000
  outer loop
    vertex 102.164566 -203.318436 -0.190001
    vertex 102.164566 -203.318436 0.809999
    vertex 102.080002 -203.256989 0.809999
  endloop
endfacet
facet normal -0.061447 -0.084564 0.000000
  outer loop
    vertex 102.164566 -203.318436 -0.190001
    vertex 102.080002 -203.256989 0.809999
    vertex 102.080002 -203.256989 -0.190001
  endloop
endfacet
facet normal -0.042511 -0.095490 0.000000
  outer loop
    vertex 102.080002 -203.256989 -0.190001
    vertex 102.080002 -203.256989 0.809999
    vertex 101.984512 -203.214478 0.809999
  endloop
endfacet
facet normal -0.042511 -0.095490 0.000000
  outer loop
    vertex 102.080002 -203.256989 -0.190001
    vertex 101.984512 -203.214478 0.809999
    vertex 101.984512 -203.214478 -0.190001
  endloop
endfacet
facet normal -0.021729 -0.102249 0.000000
  outer loop
    vertex 101.984512 -203.214478 -0.190001
    vertex 101.984512 -203.214478 0.809999
    vertex 101.882263 -203.192749 0.809999
  endloop
endfacet
facet normal -0.021729 -0.102249 0.000000
  outer loop
    vertex 101.984512 -203.214478 -0.190001
    vertex 101.882263 -203.192749 0.809999
    vertex 101.882263 -203.192749 -0.190001
  endloop
endfacet
facet normal 0.000000 -0.104523 0.000000
  outer loop
    vertex 101.882263 -203.192749 -0.190001
    vertex 101.882263 -203.192749 0.809999
    vertex 101.777740 -203.192749 0.809999
  endloop
endfacet
facet normal 0.000000 -0.104523 0.000000
  outer loop
    vertex 101.882263 -203.192749 -0.190001
    vertex 101.777740 -203.192749 0.809999
    vertex 101.777740 -203.192749 -0.190001
  endloop
endfacet
facet normal 0.021729 -0.102249 0.000000
  outer loop
    vertex 101.777740 -203.192749 -0.190001
    vertex 101.777740 -203.192749 0.809999
    vertex 101.675491 -203.214478 0.809999
  endloop
endfacet
facet normal 0.021729 -0.102249 0.000000
  outer loop
    vertex 101.777740 -203.192749 -0.190001
    vertex 101.675491 -203.214478 0.809999
    vertex 101.675491 -203.214478 -0.190001
  endloop
endfacet
facet normal 0.042511 -0.095490 0.000000
  outer loop
    vertex 101.675491 -203.214478 -0.190001
    vertex 101.675491 -203.214478 0.809999
    vertex 101.580002 -203.256989 0.809999
  endloop
endfacet
facet normal 0.042511 -0.095490 0.000000
  outer loop
    vertex 101.675491 -203.214478 -0.190001
    vertex 101.580002 -203.256989 0.809999
    vertex 101.580002 -203.256989 -0.190001
  endloop
endfacet
facet normal 0.061447 -0.084564 0.000000
  outer loop
    vertex 101.580002 -203.256989 -0.190001
    vertex 101.580002 -203.256989 0.809999
    vertex 101.495438 -203.318436 0.809999
  endloop
endfacet
facet normal 0.061447 -0.084564 0.000000
  outer loop
    vertex 101.580002 -203.256989 -0.190001
    vertex 101.495438 -203.318436 0.809999
    vertex 101.495438 -203.318436 -0.190001
  endloop
endfacet
facet normal 0.077667 -0.069946 0.000000
  outer loop
    vertex 101.495438 -203.318436 -0.190001
    vertex 101.495438 -203.318436 0.809999
    vertex 101.425491 -203.396103 0.809999
  endloop
endfacet
facet normal 0.077667 -0.069946 0.000000
  outer loop
    vertex 101.495438 -203.318436 -0.190001
    vertex 101.425491 -203.396103 0.809999
    vertex 101.425491 -203.396103 -0.190001
  endloop
endfacet
facet normal 0.090530 -0.052261 0.000000
  outer loop
    vertex 101.425491 -203.396103 -0.190001
    vertex 101.425491 -203.396103 0.809999
    vertex 101.373230 -203.486633 0.809999
  endloop
endfacet
facet normal 0.090530 -0.052261 0.000000
  outer loop
    vertex 101.425491 -203.396103 -0.190001
    vertex 101.373230 -203.486633 0.809999
    vertex 101.373230 -203.486633 -0.190001
  endloop
endfacet
facet normal 0.099411 -0.032303 0.000000
  outer loop
    vertex 101.373230 -203.486633 -0.190001
    vertex 101.373230 -203.486633 0.809999
    vertex 101.340927 -203.586044 0.809999
  endloop
endfacet
facet normal 0.099411 -0.032303 0.000000
  outer loop
    vertex 101.373230 -203.486633 -0.190001
    vertex 101.340927 -203.586044 0.809999
    vertex 101.340927 -203.586044 -0.190001
  endloop
endfacet
facet normal 0.103958 -0.010925 0.000000
  outer loop
    vertex 101.340927 -203.586044 -0.190001
    vertex 101.340927 -203.586044 0.809999
    vertex 101.330002 -203.690002 0.809999
  endloop
endfacet
facet normal 0.103958 -0.010925 0.000000
  outer loop
    vertex 101.340927 -203.586044 -0.190001
    vertex 101.330002 -203.690002 0.809999
    vertex 101.330002 -203.690002 -0.190001
  endloop
endfacet
facet normal 0.103958 0.010925 -0.000000
  outer loop
    vertex 101.330002 -203.690002 -0.190001
    vertex 101.330002 -203.690002 0.809999
    vertex 101.340927 -203.793961 0.809999
  endloop
endfacet
facet normal 0.103958 0.010925 0.000000
  outer loop
    vertex 101.330002 -203.690002 -0.190001
    vertex 101.340927 -203.793961 0.809999
    vertex 101.340927 -203.793961 -0.190001
  endloop
endfacet
endsolid axon.stl
